id,user_id,wallet_address,transaction_hash,amount_sol,amount_usd,purchase_date,status
00348526-162d-448d-8fc2-d6fd60702b90,1203885775729463296,ByXuHrj3XS2dXgpYiMgDCs8q6QWSGLTEc8hE63MBcajr,57bTYQppwYJhSgvE15nqK9tLTfMag2pMdJfyR6fxG9FQWkraVptcngtcvyJLJSRMmLBgYYd3UThW1KnpBQR4HwP2,0.02,3.5,2025-07-29 00:45:51+00,completed
0051258f-5edd-4ac8-8083-c5202eb4a413,1209880540342386690,LcSbDtMTLPMz8GvjiUEnUzDUq8aEYXf3CfbRtMHHVTS,4tocNQs2p4LpAqrZznWVbRs9rJue2G7GrJwg8qFSuY2sfmmpj6kpXVV6kboTWB5goqrXqbksAkA6tW5vGGSSysX2,0.02,4,2025-07-22 12:33:38.561844+00,completed
00693cb9-4070-4d65-8148-7969c358b6a1,1308945171601297478,CGRJVQ6EsihEymhAce1PfCgn4SL2qAjR8V74XcBHsDcT,4mwFSVUEeMzi1PMxtxEBey97vaxZ9h7QgW5wHvxS5EBdjE98dbo3haYHW7p5xFMahmXCucRGcsJ36JbZTQRaCvcX,0.02,3.73,2025-07-23 20:37:34.645239+00,completed
006c8b7f-ec85-44f4-a1d2-58b08629d93b,897073268559839302,J95sar8VVBFWpNo4RV3bgwp6w2uX9FQQkJA7msHZH9Ba,4AbSbhpc3am5fQsS9jgMZ8dr2ZNzMAdbC3fpPDkamTxpwULY8771d4b9qJSWGFhTX7kEJE9KPVNg6ouH9VG2BZsn,0.02,4,2025-07-22 12:29:13.224856+00,completed
00cc891d-4e68-4e07-9caa-c7763985bdd8,605313624315002882,EASsQYjPU6QvJkbespjJfbf9s3idvVHEH38sKeo1WygQ,5G2U9v1fSMLHbcNsLDs4SWRCNHASJBtT6FsbeBrwaRZDCMkmpgg7bD9sH1oYUE1EyFYFQJiBTbXPHksDSF62hxuK,0.02,4.04,2025-07-22 17:27:05.139918+00,completed
019f56f1-c634-479b-99c7-63ad3ba34f67,1290375584588890145,85Rbsas1ub4qvwPKjkx275PXnGgRkhZ9ivMX6xWVdhio,3NZPipMxkTTNhrtxFxtNpmjuXPNAQmLcJPnKJ2pGWZuNcMv8iKYK4wGpBuxEwwKM2itPPr7mrtMaF5S81zcA2UiN,0.02,3.39,2025-08-07 06:59:46.668084+00,completed
01a7212c-3b5d-4bf5-8a49-f60e29277dd8,1297854070186315796,7c2utUyrk9o1Vkjom4pCtugnd8KzTEirf9oYXUep2Hcj,4TgmtnQVcQvQZ3YA3tPN85ezZyMHzx42GtFGF3dF9QJ4FWTjaa7StBgGvQRwqnxCPvBVC4YGY72TGZ5RoKpSBfWY,0.02,3.99,2025-07-22 15:10:33.189135+00,completed
01f131bf-cdfc-44ad-aca5-7f297fbf781d,929322670623969300,C3t41Csg3Yj1r2pYbrZiYfNeBzpo5c7EvoYonnDaUCLJ,uRoVqyHtydQVDhggtNCNTgTDwzTL6Q423GDByqqeQiZUA5612464UnUBfcKhZb7Bz6Tr4z6zgJkUVWvdjNqtvkx,0.02,4.02,2025-07-22 22:08:32.618943+00,completed
02be76e4-0106-40e0-9856-b85269e72fad,763846547133693992,CmgBVhpfS8RDYXWNkfZiVMpiu22dQdM8Uhv21St3DScT,sJVyME6z1nznx6SeCB7wpuVyU1faXWut9H4VSp3nxR96xEkXqHG2sQRAHAwxouvhsVieXDgiDoDT2HDvxL4mRRF,0.02,3.27,2025-08-06 10:59:56.502636+00,completed
0385b344-1dcc-416e-bd54-ccff131a6c0d,902947306209415218,2CXURXurakDh82m7U3hJoy7CifmpyJ5Bhc39HUdnrRgJ,3m4vVngGzWzQJd1kTxYu6JtxSgiMANMidi2MpKjaR6EjdYKMch2q7iz1NFeFczWV3QKgBJ6VTU5UzwLAcz555cJc,0.02,3.6,2025-08-01 20:07:17.432771+00,completed
04672269-d45f-45d7-9b42-d4731d9b6713,1210390240007684146,H39mB2m54yJvY7eqPopaVyxbXggJyGnA8uXjb85CbJw9,3FsDVeDnn5CJPdWciDmC2JHPkxAYvJXdHMDMn9dbeDRNdYaazRk8qecfd1YHUFNamcTwGRWmgedYcMDrcak1rYwb,0.02,3.61,2025-08-10 09:19:51.478672+00,completed
0546dd2f-195f-46dc-8e86-8ee238875a5c,478860213097857024,2hM12sLGV5D4oZh7WYXCg8T5MB9fnrH8vJXkxrkAem4G,3KRMoLrENx3KH8MjrGeCjz8cM7XjT4uBKjkph3pgrrkFfayjHVoAVQSBPh5kxK33kgbyRsuB9YARKGiwbjpjfGoB,0.02,4,2025-07-22 12:19:46.976142+00,completed
056abac5-48b5-41f8-897d-66a1267e01af,1051725181510496316,HtDUKwzhXrxMoP7LveTPo5WkJ4fvvd1AVYKGA5wfazg8,5RoiPfhH5tq2bHzwsvENqp4KxXUZi59J1bBvHFeD5HL69HcJWhwEmPEGzFUPkdtHs6QXY7xhrwTFxqPyPeEWX8dB,0.02,4.02,2025-07-23 07:03:20.829472+00,completed
056b1072-5929-4719-9711-522dd9f3a5e4,1351207757294075927,4ctdST7TwggnZTxwpZnc5AYu7ZSKBqhFPASj3sLFYzcM,YCwbAArh1YeftNSZwtU912nQgxm46tWr8r5UqkBpqqknYLsz42xuoWfrou6NCriGuP4n6wXwdVNBeBS7C8Andhk,0.02,3.44,2025-08-07 13:43:04.803687+00,completed
05bb8e97-88db-4864-9d82-3a9b896dc326,865307821377060884,3SCwQQPnaRp5Q9ytGWyN9WeJeG9goumPtPmWzQWuJiPN,4m8YmF947E5uVYMWp8xHhxMVGL4JyUQXPVgKu2hhLW8Q59yamXWftXdc8ZSsFh7FsRdcwK9PD44vWR81b9g5FHgZ,0.02,3.99,2025-07-22 14:27:13.690603+00,completed
065e098e-0ad6-4e4e-bf02-4016c2504919,1294032589534789737,8ZxNu8WpsYA4F5kxSC9b2XtnpRBPsSVBMZWApXQbQDWW,emyn7ewGsAiTdfXtbmdZdteLBMEDNkxULt4ZDkWP88iHG82RU1KwqmfXt8UhHWaUw1uodDuyHi5LwCrFYJnxvNE,0.02,4.1,2025-07-23 00:18:45.602996+00,completed
0726d8ec-d70c-45da-831b-199717f24f43,548901127085883402,9G34E4mDek7ddi2Yg3RFAUSdHL7AKikGsKD7mNjnz12T,4fEgqCiBwewCUPA89dc5WmdYUpgQmXmg6F1JTcD6bYua9cGCHMcn6BUQNCqwdWTSWEZhKNsbCjR9wUusgiS6qF4o,0.02,3.97,2025-08-13 05:06:52.596503+00,completed
075b6677-714b-4e28-b074-5c9a1c63ca94,485759947074961409,5Hhyg8nx26bT5zRHoueDNjm7z6BFHxYFdKre6wy22qsM,38T4GG3GYK32dN5zeHyQTMGEP3LpuPvRxaTVxyuxT5PfzcAi3BFydNSDWQQZ9cZQFRw31quekDKrLzHXT4Co7bbX,0.02,4,2025-07-22 12:40:58.964132+00,completed
081219e1-cc61-42d9-8e48-53663bb184b4,572271168996900866,DaZeuoLkkKTwm91UbQrtt9UJN8PQJPJRuqDbfwLfGGME,5JCxxBJ45v2WFY8iUbgjLaZHvGHhB5utwy5M6oUMgDY1yAEwZkWxYjnBgrBf9H65tFsfEc8aR435JAM5d8AxrqSm,0.02,4,2025-07-22 12:36:53.868571+00,completed
08a14e68-ba36-41a4-bdca-570b0a5a0754,427828995787063298,4LVu3mW7fRGFXZpsqfPDcduK9QcpKkceWc4Kf1UoAUbK,3oZg7ASKU3odG66pa8AvCg1gP86RR4rQs8jdqVq2qoTRv1v8sipaeY8aQxAEkLRpVy7CJGhEkbBtbwGUPupCUqm2,0.02,4.05,2025-07-22 18:44:55.621081+00,completed
08d27d22-c66f-4bb6-a2b1-0a0d2b20de8f,1313915523368484947,A2nPbFayatBmN7QL4SJKQSbNE229dRtWzdVCUhLxGhos,4MXsr5qWfNjt5jWNiMqtVP3kV4cRMpeSHPkPawCoRTfWGHYX2YV2KNLE1NkBr3BMUgFgm8y4TV71e6b37NJUrbmD,0.02,4.04,2025-07-22 19:26:58.528316+00,completed
0932cb4d-9234-4e38-af22-de8df4cf0287,929381213012107314,63uUCGH3m83THPUjk8txyYQEkTGtpLz6TFcDD7C3heci,5SGqPucG7eankg4kPpyBdoMPa3x8SD9kkjKuXNnX2NwcGjCMcJzgiM7y8k3pjujLPWeooWnzvHAYvsYKurh52T4A,0.02,4.04,2025-07-22 13:40:29.141396+00,completed
0938e66e-841a-41c5-a864-c5b5e3b2a9d6,570622812075851786,C233FAbz6RB8Howk5WHR2ybHs6JMKvJG3kiRUoEh6BDd,557ryu67mqgmvyR5tz647rLLJt5remDnET9X9bRQU8fS6siHudAMpkhLMJrf67kAqSDxZNMpbboBPj2ojQXfWR6Q,0.02,4.05,2025-07-22 13:51:10.298716+00,completed
09435edc-5237-4e0a-afa6-b0ed6a7f638b,560790524915744770,GvSMRSLd89zQpJcm9BYs3gRNjpHzYp6qez6tqzUprCwg,4WdVSCN1cZjZa8DCLfRxzZeNMkHdsPxZticBBgKgXFhbP6aaQQeR3Ds1m2kEVzxKw8jHVocxxHrtX54ffuHqNSKj,0.02,4.04,2025-07-23 03:16:16.973101+00,completed
0a5b8b46-614d-4b4c-989c-724258663b18,755103401582526516,9CZFb8qPAQjiqtJYyMkpEBA8RhMUHsgGf4cX8gYPqqw6,3KUXSU7jJifPvvxHzoRiAzo3dYWtuPT7dpULoodK48KhwDTMsW4boeRmiWdx15PvPaoodVRQJUXsJxpbhxcJzRJr,0.02,4.05,2025-07-22 13:20:49.661231+00,completed
0a6e86c7-7544-408a-8e8a-f6e36946f3fc,1227802140131463219,3aD8eTB8k23EcrYnynUkFEFRx6XKyT4CKpsfBEaLKUqp,26dgwzvRB5EZUts6VbXM41xzMLsLk54xjZHE1Cv33TJFXYLsqTJ78uD6PNMUD1G3vgtL4KXhrUa13RXNruzxiYHS,0.02,4.03,2025-07-23 06:15:04.128236+00,completed
0ab00b70-f5f5-462d-99a1-a9da0afd9d47,497216316940353537,3vHXAbWJeVztNgvmRLopcZFHi9MCywLddDGpahd2FDNe,9m3sJmCyUQoxe1mm8UPiJH9CEPmpG37nvdn2EjmNVV6HRwguTp8QVKrwf6dGN9uFdXQw9Ve9DxQwe7xPXyNDCWy,0.02,3.24,2025-08-06 04:31:51.968042+00,completed
0dcc0c80-89d7-4917-9949-0cfcdd1db8e1,919077298844606535,6uUaytu2drVXwqYj6D7w2tp5aFwVtdDfXgCeeNoU2dvZ,5cSg7Xx8sLcMQ9CRKWNBqPvtjJoZHpxyoohvrawFvWiz3DAXz8jMHyV6Cw5rEd5FvXz3veqbZbLTxvUDtTkKBNis,0.02,3.77,2025-07-28 03:37:39.340578+00,completed
0de144cf-666f-4c2a-9149-9d4806b9371b,1065935693681004545,4amECxkQtzRHccmUfZhxe4jGUwG7a8NxxLRAMmTcKeB8,61NfsU5ekuctfDGfZH3wm2qUDXLTBceNqsE2ozv2Hpa9HjNsgKbwADd1n14fJe41D4mcseWcMtGhU3bypkdtegXD,0.02,3.99,2025-07-22 20:06:33.366518+00,completed
0f225808-8f54-4638-9f42-2aacd03131e4,718463159836344401,Bj3cmvM6MdDC1BrNP75Md8VxobNbaU1ay1yBQzgimobT,5ieDokHEN9WeFWcZ9eTEHZVKNLmFw3RrQFP2XpjF7U2EuweisFAyFYFoeRq6Z9WQmBA3gJQXyVxuU3Hazjkak8Zd,0.02,3.5,2025-08-01 20:45:07.019967+00,completed
0fe2b0df-a42c-4d2b-82ee-bd19c56c5117,1372181878680981544,41e838h4fAPrsibsBhXLJg2wbb4rsSFqw67xgpK7CpT7,61hyzkNnicghRudkNeJur2QDtP2dqwRde7LqeiDBCzv3ohK2dXPCuJQzwQfM14ngCK5v4z3iVU5udmyLFYHdHaNf,0.02,3.49,2025-08-08 01:12:14.004791+00,completed
11aa3302-f6ba-4a0b-94e1-a554cc197569,886275038137954305,5wzrpPshvvHHoGWo1gvHMnmMu9ZZzfwiPiHHfbveYwuh,639Qq1T77uXndcNoU61MmqbLqXnS9zLbtNuoqBqDYmk7jqS3XupFDBd8hUEDLiRWp99XCJ29aTiXDMMJihoHMrfj,0.02,4.05,2025-07-22 13:17:36.375265+00,completed
129c68d2-8206-4540-b06d-0034d4dd4048,502026417232543754,Dn4KHwX74YPgFy6wbzBHqNZLPtvYw6GQ5NMGAxLueLBf,4wteaKJGfukeTehBvny435Pt9Q8FWrjwbTpYGEJw6fxcEDgh9wsujRFchEtwzyiQ99C5kuUMoWiiHFCvMbWM63zq,0.02,3.57,2025-08-11 21:35:55.545889+00,completed
13244ab3-253d-41f5-901c-1cdf22ffc951,596105037617561601,CbXKTPdYR5CDJH845VWaUC8tjVkGGQ3WQZZrpPYLw8sK,t7t1JZayUAdbVmkUxxqaf6XumKqH8uQoZmkRW3HJrw67pMrXNUb8jL8STw8nN4i6Nxcg7YShm5kvn6WTnCibZVp,0.02,4.01,2025-07-22 21:40:04.159195+00,completed
136e7244-4c72-4169-b484-05437abc197d,531114528537182208,HbMeYnS9FywAcDaR94Xk7pkukGTmhkh8quv5hQ7ptnLx,2L1PfdiMV1DHCyqyN22LrrykvAqtWQ2jNGfNUsyPVcoRFgRuMFiw6JAcWkVJG3YkGRKHv1hZyZcshypqa2sWMZ8A,0.02,3.28,2025-08-05 19:22:26.425393+00,completed
137a7350-be81-4256-9f57-b4590b3d8f7d,897407411520958505,CWErigNLzy4G2LZpv2ZZX2mnnKirb3sVDdsKsmNn6AJX,2C8eqVYy1oBaSftUdLH6Ao5cLXefZerG2Tghm5RsSmjWb91yAb8M9Wdz48Zp96UPw62KKhdAmpS5qnRKZeL1XGK8,0.02,3.6,2025-08-01 20:00:39.251095+00,completed
13978b27-b4bf-4730-94b1-07390f8334ac,294297461718122496,HokwS8G788CrKem14LtAz5EbBPeSUeqbzXoxow4sfpsr,4A8jJCqv4jj5dp2hy5yQYABt8epmKrhEmFBzph96pyngVrhBRQxJDD4QcE637zMbSFR2FDQGXkvMcaA4Vj4v4juh,0.02,4,2025-07-22 21:22:55.363073+00,completed
14d6840a-8127-4f21-b577-53f7d242a022,1384644097389760525,H6HgerCuPjEriWh1VMRdFsMUJjJ38fkRPgHhmG1hVjWX,4RrsytLY4nJMFzKyAZZvwue4PKk61TTsKAizc8egisUpyG2hoZmymEh2AuFW5KTQiF8ARupBAiSpXRsiB1p8iQev,0.02,4.01,2025-07-22 12:50:21.663506+00,completed
1557f6ea-4602-4842-b015-07ce0633c4be,347094653717446678,Em6a5aKo3iZTC98cM9Y29AJBc9rtuwV6ZDdRLi34mDZ4,PCDZGGgDwVa7AZAxeErNEq7Wm6UxW7Pn4FQrDQvXYkZq8vVd62JLk82NoR3nQX9GDbLYjHjV7DBcC9FiZYG5r46,0.02,4.01,2025-07-23 07:24:54.234482+00,completed
160c840a-c0f9-4f79-9091-d3d56b67b62b,1202541451460747315,2Zaf6STC79CgRXqFADWVgZjkXZp9UjHczTL3LmjZSogP,5iGwhxtdZWapskyJXZtFEx9gDVcUB1AW8wmBeEZtrQ1zWbjBccMjVsfYvj12sHkEaFNgLznMDALaQbpKUbBYgvwD,0.02,4.09,2025-07-27 00:47:39.159434+00,completed
164fb6a6-3664-4170-afd1-2d29be2b5e1c,723285427838124155,4ppM2bFi6jijDBBwdSh5K3WG2sbfvHEYrfVB4ZWHMdFK,4AcD5wqjusmvAGEsv1SLXGG5Y7po9n7VpV16DPHjNQ47RMPxBnMxdxDnDa4EidNm5Y23mJtefXSrieNNstySxbne,0.02,3.5,2025-08-03 08:47:08.549628+00,completed
1656fdf4-8b75-46f9-9766-2f836316e54b,1346871743855464498,72bdF5XhgPY4UGfCYJG4QyyMYqMPyuMPYMPGNV3MHirq,4x83HssRmva8rN7gvfeHYZRADAJWgVWkcdANEMB54PMgDMnJm6RrPtePWf7fkqh3Yq5x5gHoqDHWMN6Tj4i5fPLD,0.02,3.79,2025-07-23 19:21:28.231735+00,completed
1694c44e-adfe-436d-a161-a74ccf526515,949221050158288916,8wxeBkma1zZN88pw2eFoEGpkqqS1KmAnpPLxYmmKEYzx,KBgQqqmNZQafgTLv681qqkbCHVWQh4JogNgqRWCmTUqfXGCSUxPrMwVKvbwqx7iH7JRaxQzQ3vFjcMzmQ75tpHU,0.02,4.01,2025-07-22 12:40:54.773713+00,completed
16a8a083-72f3-4697-a9dd-2d255fe01b9d,1132621530958930001,6QQVYu3V3vfPcfx36athppsDQxe5AHAJ4aENQukkBgGp,46vxzyoNYjCN9xvjj9hsXG9U1Y8dmtakRhKuL3Kz6t3AHeNJuwxab9RYdKdW1ibBJcCtwNpkyNbwuyFaFXEearJu,0.02,4,2025-07-22 14:49:28.363014+00,completed
1731ebfa-2333-47d3-a38a-f192fa5e77f4,1019720804285562880,EarXUWvRX2MJtYuf7uKbszo5KjHQvyAutRQHzyHpDdtN,47KSdXu2hnFJWRHsJkL6fy2frdV2rWSKzA4gLs9znmLYqAaRsBQvh6s1qEPcktc1YeJzds7yNjtVLuz62tmTfgvy,0.02,3.49,2025-07-31 21:22:00.580399+00,completed
1781dad8-8271-4eb3-972a-abbc057bd777,698230793775874140,4awC34zK76UrGyjcrRE9W93imMaWoKT1Du3ttRY5738x,3ehXS1AkmvEeqgCyi9fBeYWUjvWw7iny7M5gn6gzF6RW3MSXKH8hkuou1WRyW9fTjy81e282RdEQEyW5TasWGDfS,0.02,3.27,2025-08-05 20:41:11.174173+00,completed
19ed605c-25bd-4832-b978-84b8180d93c9,441369921360756736,8mN9Cb12f6RTm4AFxcLgaGsouq5qQ9av5hGqwCvxcQDT,4iiqY1gWvH7yNax1WakaJKoZLMnmYsXkA4WXKLKXEhR2SiWzQ285BHEbJN48voH9Twk4zfcW2ZToA6ygnanzJHte,0.02,4,2025-07-22 19:43:23.971966+00,completed
1c58f228-a0a4-4454-baf4-28d346d3daf2,686157113202049107,DL5P6ewsGQhjAeoGMcS3u7Nhzy369hZYmJX5m6R7DYey,4njgBManE37H5cqmPqKbjBfWQUUZvHrFJdDdqUCQQ4TwpmjP14T4ctaKrAGA9mH5NwUisAfcja2Vn7oTA72GQm47,0.02,3.6,2025-08-03 09:08:52.10434+00,completed
1cba707b-9055-47eb-b07d-975175b3defb,370514840709758989,8pj1LJjSK2qTVDVnbWhpLZ2fFdFwLzoqCvjjsPq3usz6,4Q9WcWJjPQX5c4hQo3Z6mSmMpebU9eRHRp4b9LgMeGFgiS3T2xeQTdgm6Y1NN6ZJwCFZKigDokBCoKvxLfqHNSQC,0.02,4.01,2025-07-22 15:11:33.773265+00,completed
1cee7d80-5674-411b-9d46-635e838da04e,1129356891454197850,D4FpNs4jQ387cduZvtNdPvWGPJDG4PZLtTJjmi8CKKzC,3mZFX2JxuwpWt7jA5JXpnfv2Dznvdi8R8pbLf1JzJ7gfDHPYHEkSzWVd3rG6NuzcDG3NB3nWcHq8uo9rssSMjAkV,0.02,3.88,2025-07-21 19:40:47.790707+00,pending
1dc0462e-e898-4cfb-8adb-a9651f3d4ae9,979727253086822410,DwnAdGSZTLVGgd2x8BVzpdQdn8zsfTyqRSMKz3BszMaZ,5TJrjvdWsRLYFgZBPtrJgWnT7gYgvRkLDUPsj8kyUQUfV125W5Ynf6wYFEM1EkYGVFnYbpyMAXq7EKHd9WnsmdME,0.02,4.05,2025-07-22 14:30:24.764012+00,completed
1ef64f2e-515f-490c-aeea-b14e6b6a23d7,610373805440892969,5BqfRGzVfcqbf5nzyUcdMVfBEYHe8n83EGzmqzpn8dzF,5FWBQi5UEadStB8D2QE14SrtqNLSh65sLostFyFo1xMXBNdezNw4PyrMws8eeUGDrkaA6ifdVynkmqqRFUDJwhan,0.02,4.11,2025-07-23 00:02:50.499665+00,completed
1f1d1d7e-969f-41f2-9b3d-92edc5305e08,683370350675099658,6JfnPEbdTmRUNgMsVUMy4yFRk7tCpfL3AVPDqot6AuR9,3m7RpEoryitXJu8Bu2q3gG8ZVZbGEcD6WVSX6QHgay5ZNTGSJSTGHyN9D4LFcPmHswvhp3yTFcXdLuicFsGydh2n,0.02,4.1,2025-07-22 23:48:34.401196+00,completed
1fb054c5-f889-478a-80ea-cb7dd52dbf1b,1034271051141627904,HDKvM9uf9ghSTqXAnGo2GfNQtvNoeB1M6X59phqPqc37,3pBMA7xCK5ihdaJeYn88NFD774gfbAZefQRHuWUEFYbw2537HHSuaMDVWVw2j2g44jGmVtXbeNr1i94sdjV7xebn,0.02,4.05,2025-07-23 03:20:22.165474+00,completed
20b3db9a-1a24-4d7a-adf3-343769de68ca,414858335414648852,57QQAa8JMa1AfL93y5o3kKBAFzsrU1KppFx35v6hse1y,58yp8tCi2E86KXCoG7j1UF6SaYb3ZEQNfjLp1mtFGdsasZtNM87QJkJXGQznRARpUPPPHkfyXVjKh3TkrNSdNA9K,0.02,4.04,2025-07-22 18:24:39.585198+00,completed
2172d9f3-e97b-4c6e-8cb1-0d1e6d29398b,851772975324987422,GAiERzR7SRR9gujTgchgdgdSAkFD3Leyx4xUsQeH3wjm,49RUCjvCWFPwhD8x8swGFVKGyccBjyx1a7tu3fVzXTwNdej88uhQ13KP2DbCwXjQhGdvCzXKWEYmL2UmUGeKJsHs,0.02,4.04,2025-07-22 17:56:48.153531+00,completed
218b79b3-59ae-4442-bcea-0f52a5db78b9,1284161479763038340,CMFJiCNVK1QTJquPqarsi6QrMKXY77NmBnLPhgNtAPQr,67NJPhRiwxvccBEFSCFKK45Z1xyiqV3o3suiyCCp3zAXitMiUaJVsfXaUhroBhoDZEMR9NSKQCDmuYtQYWu9Ws8e,0.02,4.07,2025-07-22 16:58:59.886391+00,completed
219fdd8d-1b88-4799-9dc8-b01a18015b86,393165573242093578,7pSmv3wrGPQq4izPaZkF74YDChfP5hHX8V4pTRRrE6DX,5DUyKWSMty4wct6NnwMjyeT8N11Tbvp5ACn5Wr7TkZA9SBekm3Q526aV7hNTzxHEC5FJv1NpY3JWZHQA856cBYnW,0.02,4.04,2025-07-23 08:47:05.61922+00,completed
22272d4d-3c04-430e-a693-b0c1c953cb1d,1306322570353709076,2UdvXLvnYrzjSZDiWc4MTLy68uefAJ29cuem45PnPivg,5Q8kp3zZBxpBn11DvnRfRhLDACfFLqPReN3NF6zjRiNghXB77EfvD3j7ofsHXNhqmDKTgn8YsPhFLaxNRsLqNayC,0.02,4.06,2025-07-22 18:07:56.311441+00,completed
241a111c-f0f7-4168-9c28-1e0e6a0b9f16,855363019658756127,8HhbCoD421s3UUEarDKUSN5JYEjorweELZ7crRyUhCzf,5SieL3MEbjMxuw9DWFccUpJx9UJeUrJH17CtwLsmdfZEqHEP5HvSgR8me4TPrVd13KNLh3XrPUT37RB7aoTCX2w9,0.02,4.04,2025-07-23 04:16:54.508941+00,completed
24eaebe1-5686-48f9-afa1-98802606bb27,337666483046055949,BcpHB61QCwYDTpa5arqLDC6sz7fj3z4enUwCym1vdykU,nYGQfHvZuujBqEWEh1BR9ugmpd4rymz4aTqMFhHDFSCUkgimgTykMfE2vdgoxyzyPtPk1KivouKAwbDsnVHXTNq,0.02,3.87,2025-08-14 17:52:36.987341+00,completed
259afe91-4332-43f2-a007-7594e0c7015f,860337488911663104,9r1yBvv4phZcEd7EHi1VA4cm5FnDgEy4HbGeBBK6V9KW,DdLHoA4KEU2QcJMRTbjQkf6pqHxoLiXocfvqteCMc31Sz82YTE8c1SUQL7dqr6157QDssBQ3BcCQN4pYAGcDNDj,0.02,4.1,2025-07-23 01:03:16.162531+00,completed
2600eb50-d8d9-47e9-bc59-573f26ee09c9,301720881586110464,EsvRiC57zJxfQ1UVwL6eUyrNDTags65ved62FvnLr1M8,35zHtWeqtTJ8Z38DPzYXGwfS5uzpMvvcXNPFffZZuEySrSa73txzQ58sVccVQveo2oSt6DgM5VzDwvZAXKP9RjCf,0.02,4.08,2025-07-22 15:30:47.62687+00,completed
26083562-f0c4-476d-b8e7-f6978921392e,412673949214703626,5cDfWs2GzaP4CR6BrpS61sY8ZzXxPvJwg2WdchTR65pt,3ri16GYuR4gfsYHUAaUaPzjcnP1dNLqgmmLKUWtJyj8K8A4r6MhHitxe4uoAiDFECPV74BLGxFnEG3DXdu9tVc7u,0.02,4.07,2025-07-22 17:14:35.301787+00,completed
282c64b7-966e-4fbd-9602-ad77f0116520,400405985057046539,CoG9Z9sZSMYj1CNQWSvoZfki8vgVnvSvkxU9AfKrF3JA,3LhSpNe2WNXMaV25vZQ45Q2tG9UByHfoLhg66RAKBnKkEfc41kjzxFwwFSCH39DJ9GCcFLcXnNzezusfAbLd35qf,0.02,4.05,2025-07-22 18:22:20.949176+00,completed
286f32f3-b4db-4aea-89b2-3a31c17ac144,1327364462071775253,GWHRUAVNr5GK1WJwPYu6ZiowyrcW2EPQvfYyV3ELYCUW,2dwrMLiedrqAeoNSCgnEQKYgTUZaTuiAHrNZsQtb5rovep7r5hjNLLBsWSpQh4C8ukRTpTMK1idLNqn7icQtMgaa,0.02,4.02,2025-07-22 21:13:37.190436+00,completed
28c23a63-ff07-4949-8e5c-d78fee70a1d4,1209880540342386690,LcSbDtMTLPMz8GvjiUEnUzDUq8aEYXf3CfbRtMHHVTS,5dEesNGMMudZFqWzuzfeANvEB7LmbPGh1NaFNEhpPKMFuV8Q3bQsWgZfBEwU67g4TqDq2ngBkH1Dvz1fnKwXh7rs,0.02,4.05,2025-07-22 13:16:57.995731+00,completed
291c0add-b3c1-4390-897f-f8103127db08,329912148983545868,6SKSK4QbBzeRJqtgNsei8tVWPLo72s6XTZLxrbJJNaer,3qVAqMFvPLUGhQyfS6FxxJYU3wiazt7EbqWyXwDXiaN8dSJkCyQrv8jRBZsWbrCchQyBZB7JDeMNvpBogGDMtvGp,0.02,4.04,2025-07-22 17:44:23.588754+00,completed
2940601d-8898-4ba7-b433-4958f3a2891f,1292126103976149023,8UYg4ifZHcWhVdZFhS9bGWwYJhCZVhnYi6MSUTdeuBi1,24KyKzDE246SnN7AB2xKcnLCQn6tzLPY7ZzKCz7UCXNXjdD1JeSzBVSYBCTb9aaUDNdngT5AjTDyrX7T1VdKBUJp,0.02,3.99,2025-07-22 14:38:29.457782+00,completed
2a661821-88f5-441f-9d9d-501b30bfdd73,483808585613049857,sbmXWSkGpopuuTqTd3hXH2fJYm3y7D4ckVuqjtzqvUe,381iQJ3PoT9ap3XQY6WiCFNLD6dekwNAMB2Q6oanWXbL7D6i1sumpfXn2fsHSWnLnqAmT5bjLwuDWKXCv9QLmzcn,0.02,3.95,2025-08-15 10:01:27.349019+00,completed
2a9e65ba-2c59-4cfa-b417-f90800a1a796,389597658882506752,FZoYdUwf3R8B58UYxsutMjqSSavXFKc4xZ2MJm9VAJgM,5pwAidudhz6NNeKwENus81dCuSZEQhJMmeMKiYvPZpY26zQgpRA5h5h4qWvQFsUMUKheGfC5P9nYh75k584oUcBX,0.02,4.04,2025-07-22 13:59:17.210252+00,completed
2bb5d316-666e-4e27-bffc-1e754bb1ddb1,1263018203010043946,CVqfKs492X5wkovxRm9obUVUYFsFDV6fLj6tYgnKJ34C,5Qe2WJwDUDKZULXx7DVW5TzDCr9LBJQD2BXu7jrZoUVfMX33PgrAQZD7AACR95zzCd9KRdXz25xv4heRfn6r9nTW,0.02,4,2025-07-22 14:00:23.621675+00,completed
2be161fa-18c6-4b9a-9e11-5eb2aae5bdc8,522807755636080651,5QTD3E2fMHoBoy3UhwWD6vf3xiEGm619C7VzqK7XTwEX,2ts1K1GATz8zbKM2FRpEzAPoNU3syAvfEVJ7jqVCzugUmHDi5jysKNSPikouKv6rw9f5YsXWBNLQVA2oHRzBmg2q,0.02,4.05,2025-07-23 03:20:09.866365+00,completed
2bed6b96-1c9e-4cfd-bdeb-cfa12435593c,1103103524381937727,CYxooMU6MYHFCZ9jUkZ8k1BYbKAjkGDjEmvuziLS2Nbn,3Z556wzVH1viKn3BSAK6f7io8R5vgzo1Ri9nAKS6G2HTHfdzXoj96ThaBhZ9SupMkCjcEYfYTZBHyGt87gRiA3Xv,0.02,4.08,2025-07-22 15:24:02.21219+00,completed
2c9fe56b-a58e-4a9c-88b8-2d582b539d0f,595117036284280842,BvhqorBFZn8caugbDSEZdKL4vCK4wfpa2pQ6PYLANDV4,2xNLB1ctnugPPvJQNx3Ph1zPsunMinutzK57BSEfBJoYg2Xipaua9hTomXSaujhC34G58nQequ8r5emJGdhK5Cht,0.02,4.04,2025-07-23 05:06:39.685804+00,completed
2dc735f7-2dd2-4a8d-9ea3-d8eecef99f97,1008749155587465218,FdjNHfa3GKGtDVt6zUgvpeiWEACBZ14Fax8XR6WuxjAU,58XSCg3HxssuqQjigCWfijtuqx85gX4hnXJGAbSJiRvKrDrUkzLzFQBaZY8MhpmpPkbohgB7hy3pBEMzfqJAzUmg,0.02,4.1,2025-08-14 12:28:44.479143+00,completed
2dfabd4e-2e6c-43e2-bf9c-982adc7e8ef9,599896698881572895,HKSG5Mu3B33Xsz1SkgHn9m86onkQ6D9sUsYL8NWHRhgq,gxDCKo9zynXR8xcGKgAdnkNtCJPSXArNzzhaVoKNHXCnHhx2iZgyDe28GB9qSv3M8V4aoGE6tZh1pNL4MxwpedD,0.02,4.1,2025-07-23 00:11:51.788482+00,completed
2eabfbae-fc31-4afa-bcb5-8f2bc74161fc,1031294159920844800,FvK582E68FzSVdddUJEPAWZSZaHHXwnGKPZ7o2cB7WSm,4J5iip9UGCM55bFUrKeWT4pSUJUoG3m48iZFqog2s4zgwwrfNictEdjESJvHL16Mji4KPg1UtpPh1cL5f4tjKD28,0.02,3.27,2025-08-05 19:40:21.107442+00,completed
2f0b4b22-d184-47ee-8b79-34976aa6ca83,1257154929156554753,9XdrKE9nCruFL63EMhvaFLTq1LMXDMeffHCB3TTafova,31y1LpKt4MERyeDr8Zr3k2S8Uf9owBQvLviaBUc9FhW1oUNeWXbc4CGNu3puBNc8UzS8o2WgpUezKgq8mQAEvPZx,0.02,3.84,2025-08-14 20:21:52.808357+00,completed
32534c2c-0d03-44c9-b3f6-49a15975f7e5,1318131046335774730,HQ4Sqy84BDZMq85cXXartPyxPo6G9wTCUrGfaaF7T6rH,2tcJP5iDqVQsiCCBLUD3Cn7UjQVT8qtTYDVsJt5zX3sHE7f7NZ8povu6Vhw64iF2f6Zdy7edjWHhZ2vopmnRCRya,0.02,4,2025-07-22 14:06:22.583829+00,completed
328234f2-30e2-4356-a63b-2f1fd4ec6fc2,1261128366749257829,HNQifg2dHV7jYmiDKNvc3mH6DdGeuaFwXM1JBemVbjfa,b1mGvrjPaGJ9dFEpkp8cwCc9UKAmorYJb1s3d1CSWKsSrrVnL3hzvCcbr6DpcG89HhYqFzYGqS1jok742S27ZAd,0.02,4.03,2025-07-23 05:18:37.641202+00,completed
333ed5d5-6d6f-4d1d-97a3-cfdc37539cd5,337497659281637378,2oPV82MD3HcruL35QT1RQg5jzod2KqZiAASc7DhWCa6P,4FXtTqaASn998LxHT9tsF8jcEXiCzFyY5NpdFtX7ZF7oAkjnBkJwUajSxVwgmkEcyQqNFFV2zr7DNCEE2DGefdg8,0.02,3.96,2025-08-13 03:01:42.874207+00,completed
34efe0fc-7fe6-4df4-a9bb-1612943b6de7,1308731828622069794,7ZWmSSrduon95HkW6EHrwxZKDuA17QAirVCKcMTD9ZP8,66nrHT7bT2tCLwksPFqT4U9bzQPetDfAoi4u3KYZwbaTovnWeziWsyox5ixtuehyNLdXyeko8Ni7hbZPNZz2GdLV,0.02,4.04,2025-07-22 19:24:38.818385+00,completed
353a354f-eed8-42c7-be24-ea5c07ca6695,781349329243209749,Fy8yj8RMuTnAaKJDodNsYR773g2QponMYZ42trmniccf,d583ywbWyxqJWzi4UyKYdYoyrLUHWTU6nP2PM1cqMaKmYmw3adcmhdk4JfP3wRrMKsnqxcM7BTL7DR8b1yZBPiL,0.02,4.1,2025-07-23 00:27:16.445213+00,completed
35845efb-2c57-4f66-951b-4a46cb898c15,1233405741168066580,5BytJZvLVkNa5iynsd4d1sH6tjpdrAFn9aTMWzpVskbV,2DyBQNQ3HtCs5AScHWwFZ5jGCV1DN8JoS8nnyNC5am8x2wdR9gmc1oRqJqSwG5oaCHMzVs6dtJMi1W2ctoWLrZCK,0.02,4.12,2025-08-14 07:27:17.588841+00,completed
35d94d4e-f409-4601-a1ed-f1f9c89f9f5f,94174029266554880,4yFXTRZfGHJTi1rTBwkxKMJKQoccQMq9bsWazyfNACfe,59otU7Qj4FmzJAvCejA4CidfEte4RLaD6dVGqV8i1KBhfBDTqgLVvNRcaDnDpQBQ8qG3T4JQd51XqbEWTp1kZZEc,0.02,3.57,2025-08-13 02:41:28.693874+00,completed
36bf502e-b46b-42e0-a73b-88fb08f4d037,478860213097857024,2hM12sLGV5D4oZh7WYXCg8T5MB9fnrH8vJXkxrkAem4G,a7hDE6dN1dPX576gti3smLd3Q4uphnsfWr4QPHgknhHEHtZxWGDULas7pN2miCDeH4qPmSW7mp5gQsWxzfu8jw5,0.02,4,2025-07-22 12:30:59.546854+00,completed
377825dc-db6c-43b2-a6b4-0ba8d4235b25,1069234909014667324,8ebx46XQE73D8DinLgNJ9CY7WYXwJjJaoVKGn5KcoNZU,4AKqt3ufVjPGQAUy8fZ9DoUh8v69GjGjiUP5JceTfxvhXrPJtqHEoyd6s4M7q5PhjYRrZCbP4TUd6FmRUqp9f2WA,0.02,4.04,2025-07-22 17:56:48.024702+00,completed
3841d996-1179-4060-bfcf-e7804a2d543d,881193323023433798,ATsatBs338QixEy6pCw1XLnJUYhuhkyoxw2DXbvpwe9K,BMhmGWwyQphxEQRaecadk7fncnas1co51mmiNi7S3nHhJGVvKniTFgZncjcpE5ZZpBnrzAkC2ty7HaKYq2vziTE,0.02,4.04,2025-07-22 17:59:32.315519+00,completed
385ade6c-2f07-468b-b78f-e20c92d7a147,1392974292790022246,3TQxwBx2gWr9i791D9kqE1jTaAzNU9R3L9xkCevAY6s1,C6VBofexzQdNA3NVfdC8Pb39kDXcGngGkH1NDKRLgRTUBSTBMGi8hmenYX8yPF6CaLFe246FB4NahdvZmcnTRgP,0.02,3.34,2025-08-05 13:35:25.334564+00,completed
390978e9-db0a-4371-9ddf-4528d8636755,890247078293405717,472t58jRpv5T861sC2HucLcFfD357S5e2ZmpeSsPomPn,3fDbwaxnFJyuTAidLi5FnQHqaFQfpXhEeNZCNDToRTZoFsQPa4AtTieKXT4N1ySReo5YPQ6XxHfZeW8mNvsFabrZ,0.02,4.08,2025-07-22 15:22:59.463213+00,completed
3a30828d-1aa3-464e-a9fe-cb343d8e1840,1214558860195668041,pYit23QGiFfS78wCK29mkVB4NiQUMifaprDA8W78kGS,4WXmzWsAxKNknYxWWv6wPprNMkjYcZ7ARJXDZJ9YSzbZB1p5tqcu4RrfKuJnUdt5jP6GYPg7JVDwdzEMYGpzmLUm,0.02,3.66,2025-08-10 23:06:28.056406+00,completed
3a54c2a4-044a-4d7f-b923-47b12f16576b,793123222685220914,BnfuqULtJZ5X6co4ziZwKVBw1uNTMzUxUJYbcdxM1gHH,5GD156KUn3uLNM1QvH9awNRvELCZEtGw21ApTgLoLFHDKfNGoqLQq78njQDGgZerzzXSBmSfJinVR55G6YTsZdFd,0.02,3.62,2025-08-09 17:36:08.515542+00,completed
3acb1f62-fad1-427e-9bf6-d71b8846c29c,1198205556872204372,GJoQejncUFLUrjsXBURBf8y9Fu8ZkgbUCk5r1ViupVPj,4HuATG8SGC22bXUUtSRLtTszJtCwfmWy9T49NuVWiFpdrLA5kitPAw14bvZNmxYdJRacGCnNW3kK2E5YRGDMdQWP,0.02,4.03,2025-07-23 06:03:42.571797+00,completed
3b320283-d3ca-44eb-8424-1cbe199af5e4,833688177235198022,94oYTZPhga5voAeQDnmq9e3NzinRxjv1WmparSnVfxHD,3LPzypSvAJhDFfNvWnf93SU9mK4AEBCjSEmv4kFXCj15XH8143pqV42ytw8VVkCK5oxrPJ1GR1fL2wgZQQV4mYbf,0.02,3.56,2025-08-12 14:26:21.665234+00,completed
3bf5034b-0d66-4848-be04-ddb2321921b5,1195368451779342461,EioYmHhUxokHWhYhZzMz8ePHVdRWr5i5s6N2yQ8mKKXn,3HbvLMpoDcDpq3y3FBMWR4or712rewHkgf4cqgwc5TEQC1EavjfpNvGriPvhDWJBq3AttAb2nTJdRK7XLSvDMyiU,0.02,4.02,2025-08-13 09:33:06.685038+00,completed
3cbb4fe6-bbe2-4849-bea4-acaed5746325,577716526183088128,8TEDRPiBj1wVaZBE4j5FWoxxr236qsrXETNpk8Qe3ZvZ,5joZaDxLS1RFxr6gzC7iq5QNsBGoEdpcfBvbRG3beueSSFY2xmJEP884hcKZ9QWTHzF81LSt2yeczkES7kvE4jux,0.02,4.04,2025-07-23 11:31:50.712499+00,completed
3d012718-68c8-4ca9-bc75-cfb2345b078e,296838273685520385,Aiv3TYKkxs3Xyv8qo5PxfCNbAEKwRYDN5RmiW7hjEtxD,3tMcDNdFcZewZnFZawp7ApNfqKT7p5u5XxYHxSHBrFsmypY6JysZ3ChY8a9RiZ1ehvxRmusY1q4cc4doSdHXcKtP,0.02,4,2025-07-22 12:24:59.656063+00,completed
3ddf451e-c9f0-4e82-ab35-a5ddb7afa2ed,590299773630808096,6sBmVvDseupi7CVF15nVvVzmBTqnpPgcoxCQYLFfbFUe,3wXkXXmjjYE4rApQ62zY6D2sUHtnPpJ4iGB8HDYgRPVahH5E7wZfuurn7r2X5871Z7WaHGvPKoiUbAVonKLjnpyx,0.02,3.61,2025-08-10 16:38:11.863024+00,completed
3df3f475-414a-412b-9309-e3ee0221d980,866460891406008330,Fve14ZWevZNtTyrxPvbNQpg6GBMacUx6yurHUhJRvTQJ,5Phb1WxGEqRN7MafWKArnhR39FVAfVqrLkQwHD9Y2rXRgTMpzvmpSBqcQdSnR8qbwiVTaMxaXWG74LGwmhJtos11,0.02,3.54,2025-08-09 00:54:14.736431+00,completed
3e159dec-8769-41ef-8f3f-06369c403f6e,1379673951743246418,FWPGYyNdDrVV7FvAFQPark2g7TPZLyd4Bb61oFL85NH2,3UjL1vpcUSEDUBeK5YMdNxCDngHpa7hBateG5vNi8vMs2zBawazTsj8aTw7LRSm2XuB9MFZAfsyMgUiBiq12oHTk,0.02,4.01,2025-07-22 20:51:02.510292+00,completed
3e6cc73b-ce24-42aa-b140-07944d9422a1,692224018962710621,AGRF3GaJC2f6aNAyBRteetMJjmurMtwNQyESr93p2FfW,3iQPEm7E9sJ7qGRAqL7N1a7b1weYhW8b1rCbZcxT9TVscsPjgQksSQ5zgL9ihNbTWxpW4jiP98oQeAKUGgeEadCX,0.02,4,2025-07-22 14:08:32.680045+00,completed
3eb30ff5-4f3c-461a-847d-ce77d002b634,1248857338157465664,GhC4drg64r3wRqQ3BPbzHYz9bnjiDZ989bwnNfw7CQVC,65CqLUXtDDUE1b3KBp95UrtMP693qRCfH3kZDLRJp9r69wMU288mfKmCMCeCLQcdUfuPMkP5tJqYBuZGrEFTWYzT,0.02,4.05,2025-07-22 23:18:44.386757+00,completed
3ee03239-ce4e-4e0c-bc16-1149535df97b,1209880540342386690,LcSbDtMTLPMz8GvjiUEnUzDUq8aEYXf3CfbRtMHHVTS,5qqofdptYEo54WJx9b9ZPqYAQJK5po1jw1aMVYPr1UgbKJMwyNohQPAGqmCoCcKCrULb6tSjTki18aBRdrH3Xm8y,0.02,4,2025-07-22 12:41:01.780733+00,completed
3f52eab5-0a6f-4aae-a174-0dfc3fa6537f,1229162361575968908,EaCJEfLnuXYk83p8FDbM7NEsJwgLkcY1kxdVHxX4UuHe,5nkqK9XoYjSWmEh9KsvcYYbTrp6dPnepNnVGD9aCPHB7WrtuUHQTgdZB7sdxH4od5VNMQGqpwoT7mRMWuFRUr3Nd,0.02,4.04,2025-07-23 04:02:34.382447+00,completed
3f880276-a2e3-4811-b4e5-4eb7c85eba09,863032575450284033,Cmi7kLNGqR6VcGoCT9a75H91aAfz2x6nw77N7RRK7Y9M,5Eqoa7E1Y34DBUon95pJtAEvEaJCxa7H6RgwvTcpb1CJoFbkJBW6wLPLZz3Ly7YfifYuagALQPHq5YbGwX7R1VFi,0.02,4.04,2025-07-23 04:14:34.591189+00,completed
403016d4-d838-4358-b356-8d9bb242d992,242451728094461954,HMG6tGxXtT3bPXBGp9pr6jC5KEV8upP8oN4fiprq5429,3wUeK3pF6GTEMKBSqAHGFkF5foKJgw7U4tNzQiCpmmijWwAVFVZg2wgdMV55XTiSvRdHt8z8HcspmJFEkN1a96FY,0.02,4.09,2025-07-23 00:38:15.466364+00,completed
419e6072-2205-4fa5-8a4b-4dba56d4ad71,1209880540342386690,LcSbDtMTLPMz8GvjiUEnUzDUq8aEYXf3CfbRtMHHVTS,tx9uLu2rrQ1KuwZTxe6Piv8Ga1PyjwxoevgsPitcA4LVNrx5qA3ZPEm8v5XA9kU1pt4WsMw43tw1eiEGCxwANMa,0.02,4,2025-07-22 12:24:11.316963+00,completed
41a010c9-b71b-42c0-b273-9363bc4f94f3,1324030888530411534,77F4vmUt3SGT8yAMthRKH853w3M22v77kPYLE5pthvna,2oENsjgjfewND5SUGJtxtZ6JP8gUYANw9iCKv6hvdmaV5UBuYnG3e1ND8mkKewhSCVutUQx4u36cT5yvb9Fipbeu,0.02,4,2025-07-22 12:33:48.580461+00,completed
41e34309-3d33-41d1-b1b1-30464ba7aaf6,1226063160579194880,D83SNReB6VUW7dCTikqmmrLiVH45B3uoFodoJ2hyrrAJ,3qtA8yRgq5om3iZJc6pycjzUa2XTsqxjok3RQXXCKA8TprfUq7j9R9bNMPmyv6M5Q6DkqGziuzNKo4KZDnsCCfWo,0.02,4,2025-07-22 19:41:18.461269+00,completed
429113fc-9f8d-4793-8bb3-b0f2628f8fa6,1080147516294713445,E8qoCnrGxX1g7EHFCjzgQmHSUaz6CTBPmgCZCQP3i845,63m8Qf7mzLjHjFD65u9Qgnp9FAzAjfRXbLCSipzXbbz1AnFY26BodV2CMMrL9x1YzRWQh4EmFUhk1zuL7ucFK2ng,0.02,4.05,2025-07-22 13:05:35.95652+00,completed
43927353-ecaf-46d0-8f1b-1a81d5c788f5,1381432549703815389,CLFvAD5ehnENmv2u2XtTLuHUmUjveYfksgdUsubZyXtH,62h5TZcGnnnaPPw7DGWPLAdhzDz5jtqTZpHY5e5Rtb1cto1jAE32jCZeDtcDJ9qXMg55hd4EebkXcnd6FLgVNPSc,0.02,4.1,2025-07-23 01:01:49.749894+00,completed
43a019a6-daa8-47d7-abb5-9aa5ab66cc04,1353351456299679794,C3cE4EfDAcPo164jyj1uiSyCeJx4Kz2f2hBAysshTpvZ,2tHufuPiJqamV6pvCdHLaPb59Xv1zxE5Fozqr3d9VfA6BXRuZt9ds3k8BxGkn7ozHG5T1TFZcZ6wbSvosMpHakLm,0.02,3.44,2025-08-07 13:41:29.355935+00,completed
43d38b90-7f34-4746-a90e-cb7297883796,343376466026823680,DuKWNkHovSdWDCuKAPrbrj2vYWtmSECwBqnhRrFviipw,2htQihFLRHxsbHb8PoCcQXGvLEttK87xyf5DVCPQkDvFBc8hsvj6Rs49jw5j8xkWF9FzVBiZ3TAYmXYAD36Ccpxf,0.02,3.63,2025-08-09 13:15:25.432947+00,completed
440156dc-944a-47ec-af4d-0ad6e4931a31,1165501215782752383,A4jkZZNqYWpi4GiALihRCG341wSXQtBNXbZ1ZR7ehgt2,5FD4n2rRBqBmBthHsh9WBEiMQZr47sHMMSq5jY83dFjw8fi7hG1MxBpBDFdFB96sPDzfBufaLa1HGRFonSh3BUk7,0.02,4,2025-07-22 12:30:27.913428+00,completed
443ed519-c3ea-42cc-b879-01f20a3bb75b,1291602426302042114,GTLwo3AeZcC2h5hp62SYCLkP3YRq2YURfPJ5sx892LpG,2wcxxUtkCCBFZ4BnwKZNx3ev2RNgU3zwMjHXq3cj7N9Bqxpdkbn7db7WrNxas9LLSPwvs3BVS2TE2P5ZJbiG7Cup,0.02,3.5,2025-08-03 09:05:54.661269+00,completed
4490c16f-e1dd-4df4-b69e-040befd623c7,874203140273094686,2MGNgk1HVYE1eN12BVCC2R6U91MT76jXnzFFGU28eMNG,87ANinD7xnTEZkdE1FyvNpyD1cLzEu45HxrmCHtp3XfKwNyYxTLWmREtaWbHD7tYLPiLaWVEynckHyu9BJQdeWF,0.02,3.53,2025-08-08 10:31:07.132104+00,completed
44b054fb-58fe-4245-af56-392021538c40,1332572047259209779,8p98GjHHzjivSeBQt2DJDiQRQRXvgNFiVtakpjCz25LW,2b7aTauJrxH88gqABe3zhCyCHqugabDvr2cWmo16njx9oq8pKwVns4g6DMQR4Q9EyS6HgtPMUH5N2oVwgbt2kLHQ,0.02,4.03,2025-07-22 16:17:32.342464+00,completed
4600513b-6526-4dd5-98ce-10ed8cb9a261,860857076750614588,7CNwcUgWQy61U4BhvWAiN4MdaFZYDUv9oGk9LqhvkkLd,5LWX3rjQmLjPGWraDToeVB6kyNwuT9ZQCPWVg1G3GSSyYVQfvmLJBWdz4pVs93rV3SAkrd3qGYHE4xzyg912pAXJ,0.02,3.63,2025-08-09 09:06:56.611232+00,completed
46a80b36-992f-48c1-b13e-d967d4e3332b,1198205556872204372,GJoQejncUFLUrjsXBURBf8y9Fu8ZkgbUCk5r1ViupVPj,brXNvSr93antfdt43cfpjuQ4qwaydK6vFA5y6mZKbFaWgtE93xGdqCFibRmssU6ycaEBMVyV2eXSTRsQTMYK56P,0.02,4.03,2025-07-23 05:55:25.131722+00,completed
470e528a-e8de-41e2-9c89-008e09384f61,1209506258340552726,EMXLSqFmP54bUvvGFSkEjGRaeFErpTnJCdqbKuQNTPk4,1Ufd1TUkr2M6FEGCL6iVZXHMh3akKEHwfuX8AJvNDPpd5TdZUamMypLTGcfmmFaBq9otvsvSKGucST8CpNe2opR,0.02,4.06,2025-07-22 18:04:59.930927+00,completed
4729dce6-b822-44ff-ae36-7f2c49bfc5ae,720092236586418186,6UGQAzvtRHf3G3hFd14ksj6emC6Qx3rPnMCLcHgr7S2A,437QBqMBFU4iMu9REstZBRBn6jBWuoQYDbscbQYqBXd6Zz88qpNk5pmGBYJhuiYxidtGU4TaaETsbu9gKjoawDCS,0.02,1,2025-07-23 05:55:21.812311+00,completed
47449cef-7cee-4903-8170-c55e2c2a8643,414365054952275978,5mn1ZcFLpBu8yQtFmcgkDDJveGa4zsBuExpfvhDm8QjW,537xxWM56JX5bL6JzjLYxN19kgheFcuDuTdSk44ZiCCyy9rMkbAhgACgTzqAf4FyhkB4Amr7BqfuMYoTG1TruTLW,0.02,4.05,2025-07-23 03:32:19.05902+00,completed
478537ab-419e-46b0-9ce5-f83dd4be720d,1188049924219228164,429PBbRox6C1ZYykevJgkvuuJvZLVinXse9JZPXHzP5q,3AqqVH9xwq8iZPbHC9w4r6r7WJC2fYNxkrsd1WBeL6xPXy16ahLGXvUv82XsAMKtczFjH2XVt6cEsMrTmnfrF3a6,0.02,4.04,2025-07-22 17:28:03.973084+00,completed
478588b0-f6c5-4543-928a-63e74704d1d3,783309640863711273,21iKqBU8sUPLyoqkFuuFZTEt86kzLerf4GfZd1MsGtaq,hgw6GTS5Edc7zKgJjdR9Z4iUfT9BXE9jz2UUApgcXDrNvnfkqvtEZTbRmYxwdXcJ4PMXcXHGymMoSxS6b6WrzBZ,0.02,3.46,2025-08-10 17:54:55.188011+00,completed
48ea899c-0153-445a-85d6-c274f8831370,1034816033028059206,5oM7nohN2H8NHQPbhcMig5z2Zy7dzZM3SzNHZsfMrTD4,2XsSUWPY5biTxXxktJZjwWpXknKL8GMT38nbXLW7SzKeDgtkcmm1Bz6WcJMyS4cVWi4vesoJM9ES337zJb2jFfhr,0.02,4.02,2025-08-14 01:00:00.227119+00,completed
4b0fb5e1-6ad4-48ef-bbb1-b550b5a39ee7,479534403941302287,ADif4S1BEe19K3S7NjvaskiTwUAQXfetwTDMiTuUD2nL,2ozps9u2BH9cmZV589wuzqPb5N5YBir54TdnbVVArguFyQKq6hVGWsvydKje9ZtkiViMNY7hYeZQqGf34W8NZbkB,0.02,3.99,2025-07-22 14:47:36.398064+00,completed
4b17905f-1277-4b8e-a4fc-4db8bed92bd6,181133601293860865,5svUj7142abJMLQeVrKMKQuQZjMj4dBF7kC4GVtUNhmC,5Pnkum5a1fxEAaC5ECJSQeihz1zog5reT1Yk2cph9ffTmiMLEHoZFX6iirR2uQXeN7PrXqdFNwQ1oFgUe5psyQmE,0.02,3.6,2025-08-01 19:59:43.606809+00,completed
4e590c01-ad53-466d-9b40-7144d0e7972e,673911768384536589,W9yGgYW7Q2uY8vtvbfr6m4uM2Ato3K8ppaqFqXpwJsP,7ZLZiAJfbeueQoWBofLLrqkR558wpMJJ9tbG7tZgUZP4M46N82nU9ATEAUKGKqUaHfZzC1gLmZfHJGSJwxzZHg1,0.02,4.04,2025-07-22 17:39:41.30905+00,completed
4f95a8eb-a262-4057-803f-e3dab657ebf3,573729684731330561,2TSfS9KLBFRSPinR4FxZZcAEi234km4YER3qXqHNffM3,4Qvt1ub5nz4rmFhVAcxArpVQe9PWdmQcrLbHUcAtbYJGmpuBMRfGzEW6u2mqsfftEA8ERYPZUh9iZ7DcKCByq6i5,0.02,4.04,2025-07-23 04:40:17.914044+00,completed
506766dc-70c8-44d9-b664-33119fb9eeef,811438205932273665,5whN85eFf3afWidG4PGAprbPxRN5ZA8LQhcDHo11uiZr,5yJAT982K8wwe7zobK4foAB6V6mtt7cR6XTLurkntPhV7ZF3FCVSeWPkh2vJAfmZ6USFw2LW3E5kEeKpDZVfqCEo,0.02,4.05,2025-07-22 13:03:33.108101+00,completed
50a5eeef-705c-4818-a2c3-a66ce4bcfadf,901416407143702568,H4TMYrSvBDu9XEMSKT6zTVrgSH6PSKNmdahm5wTAUVUo,5SPhSBatBk4mHfNKgwXFix3QHfj5ZRmoLuwmoakugTWMwHAaBtaidKjKzoFLECK2PTk3WSZFUgHgQVjZq5155JN6,0.02,4.05,2025-07-22 14:36:19.035524+00,completed
51531537-7ad5-42e1-9270-012b68bed7b2,859018432673349642,GDVGe8N286mBALB6zWFJGNhJswHcgbxwzr3RcDqrKzAV,kAHbPf7d9r4gwbjdWBw7BiEdgSUT4cJ7PkZrCCaGn5c74vTHSejVeAhwJbgKiXaE7HkWTvS9LNDogd4RQwMaAbd,0.02,3.99,2025-07-22 14:41:23.633965+00,completed
518b6737-7738-466e-938f-08a185dd1a7e,712232101902024764,85z6JgKCy2idZcU4aXEUqFzhGYnujgAsvCLLg1ugfKQc,62nz2Shb3xuSceTbaK3CEpCVwTvpCinFfcf4KE5aFmcKFc7jojACBsbDU3FUvxNDCQPnqXD7aZD1xgqHymT6P5oF,0.02,3.99,2025-07-22 14:38:12.884652+00,completed
51eaa0fc-851a-4801-8332-f226a16e99e9,1132621530958930001,6QQVYu3V3vfPcfx36athppsDQxe5AHAJ4aENQukkBgGp,2dkatScmtvsGEQPbp3LQZpJYzmkqRztXor3hHz4mNrTR43Umu4FE86RjsdivmoVQ7pbZRCopSnSVHcBtARBeXQYB,0.02,4.07,2025-07-23 01:26:57.736898+00,completed
52420552-e3e6-436b-8770-125dcf543457,250973270591930368,4eFeJSBPYWJ8tDyKDrjYe8f1jn3FVTX6ne5v52doegSr,2eJJp4cGiLQecn74ttPudgijSb8nsuDzKVvwPoBKVDYQu5maD8b5aRhVSF6JiqnojYRUP6mauRkugnsMj2WUKVKZ,0.02,4,2025-07-22 12:24:38.338099+00,completed
5262c429-4ebf-41b7-9fb6-817b8df18e04,1004116579941879849,7HJsWJpGA7NQqiCJCxpdHkMn5cX4CkywfWBnBcP4PU65,46228AvWGShHLUnHpvjLHcbmLGN4kPCdvPzySpgUPqkH1Mj5hDZZY4JerreJXnLGqnFEoEr4uW3cngv6YV8Rrk9h,0.02,4.01,2025-07-22 12:53:22.696356+00,completed
52c90b20-1d5c-4504-a560-f7f9e14fb615,1018243612259139645,C3yYhRoSBjJDvvkwgNXV69Ra1fej1Snj6rkYU3DDvd5d,4qcz4MaG9fYEmBsK5mJhxypCQe1qxVyL19PSSKgPkQTwLwWHkfz1fPBuzztYqvEteC72exaRRozk8MeGatHD1HyX,0.02,4.06,2025-07-23 02:39:55.868509+00,completed
533815eb-98f2-4bc4-b4b0-3b2f0a3478ed,703349656691933329,2itTpjXu7xEcShZ5cYCpjJPVSa1yYsTfsTNXmKDaXbeJ,fNGntwdWXkweMQqKR78mtWQzZH1RRd2ooahMPK2bPGiVoMyA3JCBGXPCQDErCunu5VhnNrJ7ZmUTJk14djzEx9V,0.02,4.06,2025-07-22 16:46:34.210245+00,completed
53de2cf3-57fa-4fa4-8687-51926af7f944,1291818617171873885,6UeGd2PhiZ5EVB8Sj8ixajD3M3xJQmPemNbVc6FDvzPu,4agtgeSqRc1NKeWKkBN8ZzR6n6CByWhufsDGdGwLgs93Ayj2AHBcbc1Gytw92ULAsS4cACqZTAr3FwWdf4iFC2h,0.02,4.04,2025-07-22 22:42:27.904452+00,completed
54410699-d29b-44dd-9f18-98de89af4e0d,1301592655054241843,26Vb8LeRFQ8VJEdRX9MoNPyYLKmb81oN6pWnUUfdh2um,3kbWutkkHzaA4qXCThKRxUNmN73MjWx2x3dC9zyhKkEReKn88FyMdz7PqkAsJgDbCH6HrrRDY1cvbpLcTfC9j2VY,0.02,4.05,2025-07-22 18:13:19.447374+00,completed
551cef07-0707-4fff-a1e2-0d413051a3f7,815913848363941930,H7HhNwU1qkP7NUoZuaboEoYhFZv5dUYTwXaZ7zyWgtXY,4WwBb9AXiHPP6E88mn3xxouRgCR6QGhSuKbUaMyhKZ5iH3MAGQEHwUzecQV1HUebTvrJxJndQCY37s2if4rYhFa6,0.02,3.4,2025-08-07 19:24:13.623668+00,completed
558983c2-001c-46ee-849e-48af790ef8c1,906925155144577044,7i3VA9Tn9qHd68nB723BeRHn2FAQ4pDeeAcj3wtGwRH6,4y4zaiqYfYC5u77BR5y2PdHMvh3jsfSWzNbE95bvh5baKJavjg1yXBdCZHfGkJgoZt356GBJzKed5ihK5KvVZkWB,0.02,3.36,2025-08-07 02:03:51.134448+00,completed
55bbd6d5-054b-4d68-9f29-1f0cee7e89f7,762548751235285004,9h2bgNVcNg1rFxR3kJCNFsh9bq6734WEca6TSZVfkjg,3jHBMSvmNfhvrJxqdZNpykvgmcefTvFCMGSH5obKnkyTqapNhm9i77MFqmw8eU1tCLS8wzXoHCAqH3q2x9KC4iwe,0.02,4.03,2025-07-23 04:04:10.93792+00,completed
5670aad9-0a58-4a62-8774-2f0e181efe1d,655857701045272577,61ZMEomLWemKXvY1it1j5hcTNUs8DdQbJhdEiC22J4NL,5jJR9nXX92Q1ugorFYzM8mTDuszbWciMSPQPazyz32y3SPSsvAga3aeMBytUts6ErCbnSyzQR65qRpLeFsc9WBvo,0.02,4.06,2025-07-23 01:18:48.715269+00,completed
569b9683-8d89-4ceb-90ab-dc78be061c8a,1104297295551402025,Aa5BRcuexyFJa5KBebyRWixaA7wAfTfWThBtWCGmLyMw,33JkcV4UafqTugqPL8tufUAWGD3rzzDNHhvfFNv3FedsN4WVQwAohSHyCT8UU9ZAqdYD5PCYBcSLoq8Fjc7kd16U,0.02,4.04,2025-07-23 04:18:24.811864+00,completed
576270fd-8095-4212-a3e3-1a16f06acafd,786887497925001236,CcniW5oT7aDvFBkFgpzrFdpfTBCkxZzAMh6ixxPpuDQ5,jjUcmLr4mRJXSLB9B4fZ5TABHA3EJGqi3Rt5iApKp447KVYzdHGsUcJGDf2T6HxWnzktFuyT9szuSHyhrDqg5xp,0.02,3.86,2025-08-13 01:28:06.053405+00,completed
58117833-ec2f-4d24-b50a-1ed9a5c94c6e,1279658585390841938,4xfGs6UVeQgwoVrXETACmsajhtvaM6KMZz4Z6iTAHeJA,3bSvZzqjCqZg94WZGdTqQLRLWGz51frswnPBkHwNroUoREGNyuHuandUk8mx4grXFxHZT5o3SwKreqbamWEqKXRw,0.02,4.07,2025-07-22 16:10:43.186067+00,completed
585d72ed-628a-4e9c-9d2a-c4d8e2997546,463919843150659584,Fn32woEiBSHm8KkU3x5ENTiA7QM6vovG5AUhQUpGBsyM,2kMVdzd7HQzHufMVvo9hPjAJ8KrhQtxRdkfoHSSM3UazfBgstT1Se1NFGuR84pF9E6T87fEmJrFzi8kTNXxZfNfe,0.02,4.04,2025-07-22 18:02:46.398177+00,completed
58c97336-cc4c-4693-9dec-a5f5be481f89,909323990852591627,6hM9ut55Ri5oZQuekny7iQdtFJRYEugTTuiU5NSjjkGQ,5so7iXUXDTGEfPnMeQ6pEbqFFT7KLwPvx2yuCVGydL2HFg4N8EymWiP3XWL2XPUZCTD9Bp57hPd1owjv6exuLBQR,0.02,4.06,2025-07-22 13:56:36.215775+00,completed
5a9a5103-8716-44d0-b916-0d83872cd84f,553478027439243264,HKPFsG8gHtBLBnpRDXsamxDsfFdDQAnvj164p4idjHKo,3dn6MeB4JhZYj7DWaXB5BXYCpsU8a9wCCvMPJSDmuVCEzdJnn5g6H1NPKqWWh1tVvqEu1cS4SeyVmGthFH6FNtM5,0.02,4.04,2025-07-23 05:02:46.969916+00,completed
5ac6c75e-e71c-4a04-85ee-1d9b2af8eda0,981192398480764948,57QW7QYmzJm2X8SnW4GjmrsN5dVFab68Tr2VBwyKCMNj,hmFYAjuBrbSyJ48zbTQEnf7H3N7HAJXtSHzEeGP8LhKnuJAHbe4YnkbuUHMvX3qjPEfYgMvtrpM8nmGZykR1EDV,0.02,4.02,2025-07-23 05:34:55.612984+00,completed
5b3cd9f5-c9bf-46b8-9510-117257da774e,683599399405748314,CNc9UYJ7nYhKRRzryVGDHasCSxsXCGKezAk8QHcbMAiF,4Ds1Z3RZXHkyFq4iNK35Ufg2z4qdh9gQVmVqc6DXN72ghLE9WAo9bGFsz85hx6FmgFuRsH5M5FvvwnUGYKzZoMG8,0.02,4,2025-07-22 12:24:26.791776+00,completed
5b3fb6a6-68c6-43f4-8a1f-85bc45917d0a,1126797984458350622,5jy8BgFo6oey4GCox8pmVjycqBNMfMVTBM3apRqJCKbm,3bQsNj2WehiDvJr1sJUC43wai9dxiXZGyeVBewW7ZTLjQvPpqi1yomePrnZX7AAXZfnNeRB1DbRdu2TikM7aMZTw,0.02,4.05,2025-07-23 03:27:16.332707+00,completed
5b9eb697-a051-42a2-a4ff-39200cb36e87,1324030888530411534,77F4vmUt3SGT8yAMthRKH853w3M22v77kPYLE5pthvna,2Ltx93W1mL9ktAAF7La7VCFwbnuv1EeEt2uK1oc8b58nb5WWMJnB4U61UTSJQnidLW95Lqxjxo27MTgVYjFBNppX,0.02,4,2025-07-22 12:31:02.979985+00,completed
5bda70dd-3a3a-4004-9cc7-ad68bf62f518,1288023650884124786,AWDyGCB8qw8zAibbLfa87eNBiv1KqCAjcdYjW5v759qr,4CXtHumVrPp7RXZcLjUbyfCFyvCH3Cds9Wa9J4jMZ8X9pMHBM9cxXFS14t41xgMwpo1U9ENJYR2hxDe9Som7LRWx,0.02,4.04,2025-07-23 04:50:01.04635+00,completed
5c180be6-e0fe-47e6-8862-534a08d58b4f,625077700394090507,2TRMt7aSPPJwo2xZAKumRge85WCfFitNwBUdTxTP1DWb,5DCgJLL5tjR6m1VMrwPUXdCwVfjQ7GkF54EYuiBjGCrtFeQQDU4otfNtKKqGQxjSHmyME3ro1GosweKKKz8FU8wT,0.02,3.27,2025-08-05 22:40:54.760256+00,completed
5dbf5fd0-0312-4988-97be-b6d4b43beebc,1132621530958930001,6QQVYu3V3vfPcfx36athppsDQxe5AHAJ4aENQukkBgGp,652k3bGbpjzH7VvVU4ZnS5K1ZodYLyK3iDakkPYnKJc1gNho4oucJi8dewXSqRnsCHp2xq9cDD4aQzehYf7pZmUH,0.02,4.04,2025-07-22 16:21:17.743844+00,completed
5f80ee82-f789-4c60-a366-545102232eac,716661664384286741,B2fhQEc6WQWZXGLknkZyTuQuDjZwc7ZteS3rFTwaGVES,7MHPpT9jKght4Vje96cjvYfxD8MYVebycRE2y5eEMr3TCQ7avKi3ko4LSB66WR96G9hfeoDnMcVU99AJaE47CVV,0.02,4.01,2025-07-22 12:45:07.705923+00,completed
6140be7f-9f38-4323-9593-b4cf9ac662a1,500895794979799040,How5tvDX9h379DUa7y17zWCwYx2twC6GSiEymD1hPfG7,3J7PSqxjTyqJqN2Jnnf4qZycLpfL3Ynd7HoVt5dN9PUhZRbugyVj1LihZyfsMUH2ocpxR7WGLebzKLG2gRDT3ebs,0.02,3.98,2025-07-22 13:05:15.458693+00,completed
617893b4-f2a2-47f1-b761-7f7aee828b53,1187101299158831105,CbhqrUY3Q5qQdePX7mAVg33vht7prW7DppMUHdsNNyZN,2EmG42UCshH9wjueZf21FU5FAdig8eALCbAsjVYLPnyrLgJJzicEQcqMffHMftL2rK6VfwmhxDvfkUHQgJtpRyfx,0.02,4,2025-07-22 12:31:05.104074+00,completed
6190c6c3-656d-4096-83e5-34a26d05991a,1201199551277695037,FJbWBGVt5NKWC1rpyEXPur9QEjUfgy2zVZyaVuBzW3Qd,2jDEDkxkALBCVWvnrgjmvQpTPp99yCiuVs2rnnsdnb3SiYZDtoXWE1JseeFpkeLxH9AMKTm7ixx1YE2kZqcjPfD2,0.02,4.07,2025-07-22 17:04:57.017203+00,completed
6231c3d3-8c19-4d89-8471-21492ff01371,825986250259038250,CEDaTFgNPewt1sgQy5WvzzY9KWyUoepCHdrchQjqmErE,3FwxEUC44DmKAjr4EJb9JkNdoS9vGpjT5fKe6Ks7xqdJUWbMqG74L5hXEXnYsPmwCn6dHaZLfGEoGB6CX8dkx3Yw,0.02,4.04,2025-07-24 02:15:19.741153+00,completed
62902ba7-1454-4f6a-9a1a-553ca01cadc9,1096071800657551410,HYGqQLTTvP9xf1oXFvWYdCCCWWCgCdiZDpWyzJf3xxAV,5TBLj9T9Tx4D4EmvTU3TJSZTSLu64ts38SDSPwnw6xqR2cgsWDBRfZhjC7HHPaBNk2nv6y1h2s8VxkXNeeEFq5mz,0.02,4,2025-07-22 14:56:49.925619+00,completed
62913fdc-8547-4f84-9b7a-b2c50492f145,816202276418617354,6VuRWAkGksMhhRkHSUdRBFHL6HHN9pBoP5wrhvjcEGJg,4jnJzQWwsqv74s2WUuru3JT324J1Tkyx9ExHMkXgzNTaGruVjuzPTfHjL7e6TJ6xuE66NMMmjjV5ks1S1PYX8Ayy,0.02,3.65,2025-08-12 06:04:58.294088+00,completed
638ba0ea-b47c-4f4c-ac9b-602d66088f36,562903994318716930,B1XgtjE7TuEYYPFHV6v9jQ96sbL1E4RLBW3KJntXZ1fs,4cRzUKVSW5Xk4JMGADjTSuec7LJQRMHQ8PG7x6uTr4wPd6xaewbEDqNzuMh54wUzLnBZhdJYmSbUN8LrR1Trc4bW,0.02,3.92,2025-08-14 20:36:26.778754+00,completed
63cae783-f298-411b-88ff-5bd2c571fe18,920054503661772860,EB9gwWkAL7U5YVHpjGHYCKTeqQJ67S6AFasRLTYPDER5,36icNQndXuGFDUqjczbLMNfJZzKyXDvdXVfDegBXZxjYw9N6gQEG6YqwgvRXTvCknUSAiDtBWNuiiDgKon9TrJU1,0.02,3.54,2025-08-09 06:54:50.683107+00,completed
6444bfbf-6eed-433c-b144-3ab2de48b198,1113576721770348637,6snzKgvLvp27KnByYkXZexC83rzYafkeezqJfe2Xxb94,2qkiG2XJkS9oujhe4pyHwAH78ukzUmRHzP7pLZMHB4EnQ8cKsnAGzB7hr1YdnmdMrAuPFaFui5vBJ1STuhszfJ9P,0.02,3.89,2025-08-15 12:42:22.024157+00,completed
64572d0c-4a89-467f-9cdb-8cd1f2293c09,1251100519460634688,HD11ff5AG4qCMkzD2fgT8Bp3FtztAMY3kXS8h71D7Dr8,3f8zWka8LeLmNjDZkDrS5EDT4FZMS7mqf3mASPMN1ueND3PpaHixRBvvfXP7Z6L91zZtYiBYkYdU33ZSRMwKkoNu,0.02,4,2025-07-22 11:59:31.90044+00,completed
64cb4901-31c4-4e06-8a21-a9fe43f9d77d,1308013054436577372,CzWev85ZAHLNW7tYx7ZxLydSdpLB1ULTLuqHkih8r8Za,5ki6DRTR1emgV4RDJSNTE3zgmYbwLy78ZhBnfAdZvZwLEPWHZu67NfBPc82SnBVBo4nBWg279wavd7DoKveoqvfw,0.02,4,2025-07-22 13:22:38.293215+00,completed
651ad78e-3e07-4de9-9fab-61347ca0ebad,1250372857574461502,6Jjh7DZD2Ls6iTxvoyo1wn13KSBzkycB1SdnxMWHyQhr,ZpSJbyzzreGW8WumN6rjWbR8NyfaKHG7kLdJ7E6fEPB2q9aBmt7mDUdtf93CffC6JsjEPkMEFFrDGRuoy82SrSe,0.02,4.11,2025-07-22 23:56:17.834544+00,completed
6567c867-3f85-4f59-87db-9c29d47112a8,841834841195675689,DFX2ppD2eoMf5MNvsVEz1gHfLYP1BbfSwYhtrG7rQNgJ,3C1JqeG7Fp8PdwVTWv1PVmznASsiicZAVEKJ1LMYTqZEnLTkECTkiV5z6864s6vu8BQ6DKTQZk3FUUTSvucwjRBH,0.02,3.28,2025-08-06 11:45:53.56638+00,completed
6584d7e3-ac72-4f4c-9e72-825ec30f296d,777240440302731295,813raob8gfbgEcXFtBmajxLdDUaDGgoQiZo2rhgvhgi3,a43LGSyrLNcDMMiJiu1R7jpZi4kWunnAmBsbhY98U9u1MxcuEFajjFvof4kzRLaZyTHTMiiLiTk6WHhEzU61EKr,0.02,3.6,2025-08-09 06:49:20.51246+00,completed
66018a9b-76f4-4499-9be2-b0f550530da0,1392877571913420932,695oQM2X2L9nfJeH9iYFM15JGBKQnyapvr2V2MPLPbtR,3SfydLvXunZUS5RVtKLbinrBeccNVtq5EeuZF7Lf7RQZszgA3JCsgm4Qut3yEMJuNDQFk7K8ta3DGpjqKkE2a7PZ,0.02,3.35,2025-08-05 13:24:28.498837+00,completed
670c18c3-f866-4ca1-bcaf-43aa40309e49,1389395124848562367,EVyoRYSZsS7oLFpExDfBbHcG5gMh5Meb1j2dyBD6qSPn,47RPmBBbCKVtUY89QhUxGLg5CewHQxToeCKaWDE1NegTQf5BrF5QiHUUCZyVN6E93kDBi33tFcLQ1U6jCmVTw9XL,0.02,4.04,2025-07-23 03:40:29.581763+00,completed
6927ef98-e263-40b6-983a-c23ca44022d5,842075501816053882,75uPzRvrSzHhVLnJFPzo8sF8jNcDp261NEV9CamZEUNG,NU4w86CnT6viwLAAoFEiJjBimCv37PVq4RPsjQ86eTo3tm1SHZ3ayDLq3Li2QPgGBTEEo4NsA4JANEWXFGJKpHA,0.02,4.06,2025-07-22 16:57:02.292872+00,completed
69315601-437d-4cc2-bea0-37d8b14c6634,681224454910902403,A4wukhFvrDpCTqhRFGheiLLXAYuDZEFv2g6LKAZ8k1nD,3fxFihYAx3FtxmEdabdCgPP9ywmTxQ3nJBm3o5DhWAKEjdVru9Eo4FGDppu7LMYzQeA43vPZ9Z8DaCKco29Evpqy,0.02,4.04,2025-07-22 18:56:01.650246+00,completed
6941af5c-bfae-4b44-af7a-e508dbb30fb1,1020294164207902740,3i82YV8JDhtp5scH56KkrEi7NhXdXPm1JNKdMDHKdrHG,t8Mo4Xzu458ZaMxjxnwMQyo9XeVxQvfSJwFjhW84Kfd9FsQ3wuK5wPZHQEGuteYjUr1JNMD9YAVdMmTyBc9fMe3,0.02,4.02,2025-08-13 12:12:59.543216+00,completed
69606675-4382-4ab7-bdb8-446bc5bba459,392674599701315615,5uQBedakm7rwDUEdetsJAo9sYA9P1ZzhYJAF5AjqUaJ6,3PC1NmCnTMz8RxrHFamcbNbUEXkhNXNiYEEjfnqrLJiBWQZLxDX4gZUsi1E2s8ZUAN9KhonVDDRN88dd3MqxNDxg,0.02,3.64,2025-08-11 19:16:58.967017+00,completed
69f974f3-e0bc-4997-be7e-ed1fe8091c50,239866376494383106,8CFNY5R9j9gpmSRrtqeQdABNX1t4Bxi83svvWBMAi899,5EcWBEi3Zh7312vAVvKbrS6zqCQtFX8LE3GE8VKsJPCKbEpwmcuV6A7nfGeCtTBuSrhv7T1FaVD6ZwhaYPtnEEH,0.02,4.04,2025-07-22 18:55:05.261624+00,completed
6ab102b4-54b2-4490-9d3d-6a9e11b2ecd3,1320525805457113249,8txVP3fYXGLw1vkNrnCjrMUNTQYsrDaif2ZBAVKyM3xD,5TxULcFKbcKZM3SNMygHuV1wZzfXgfsbbWFCWbJPBBeRYReC9RDz1SWxS6jKAVcBX7uhmRauMyMizND8Me7bTQCW,0.02,4.05,2025-07-22 13:09:33.093645+00,completed
6ae184d9-9fb8-48eb-8e8d-3d3018c15c3c,1271825662935826477,B1ZNurndbwEpxx9JpGRAujaDTRbTTLF9VyViofw1Vmr8,rukTim1231EqzULr6DiA9ydV9QGurqbTrjWn2uknXsinHbf38xADizyskaKCs6CMz2YQkdJ641NX7YLmutd21HW,0.02,4,2025-07-24 17:35:58.380829+00,completed
6bfdd078-7faa-494c-9c4e-a48ec0141fbf,755103401582526516,9CZFb8qPAQjiqtJYyMkpEBA8RhMUHsgGf4cX8gYPqqw6,3Tx7ES4bvznZvq9Ycnj7Brvci4xXm9nmsgskwXEvAPBj38qX5vSHGhnPzjpuotyipLtbeeUACkTrTM82dfJ4MunQ,0.02,4.06,2025-07-22 13:27:33.491877+00,completed
6c5bd44e-2449-436a-b4e5-31c94818327f,1209880540342386690,LcSbDtMTLPMz8GvjiUEnUzDUq8aEYXf3CfbRtMHHVTS,57YEsUWhfEeKBZQbhKYRhYfoV3i2C6HCTyYVK7aHmTCPb8yxuZBQPkSbGpXTskR6nzYUKqwKwqfexrXV6GkoPMpf,0.02,4.07,2025-07-22 15:44:31.634152+00,completed
6cc0443b-2c24-40e7-916d-ef7ab2c5245a,261287743953436676,3Pgq8Xogc8t6P3fKgTnjyXt3etRH3nk4HnWwe1Z8ef9n,iS8ppeJGm84FLnpqCLiqSCwYfyv1HoNzLdYhFyPVWQFMf9bTdBmmnyo2UwwuXzir7ECSuWAakhAqo25UoiYCT5p,0.02,4.01,2025-07-23 08:38:15.253672+00,completed
6cf055b4-7baf-4969-92ad-3c72dbbfcf91,1393295612585443378,3HivfnesuPVVapbFQcYAvF3A8iRmMVG63WnHcRQzS1fC,4rjfzSfEVZoTZ3x8rX8acuzj8jqz2zJPpjDLaCZdmq5uWM5ZhJKZVUqbVdhsp8ji9jSuavRHFsqfvgYpC96AqoT2,0.02,3.34,2025-08-05 13:30:19.602003+00,completed
6d025306-18d5-48e5-8280-5a6c0b6e81dc,389597658882506752,FZoYdUwf3R8B58UYxsutMjqSSavXFKc4xZ2MJm9VAJgM,VeskUAUAjHgGksbVsy5TFYXw66W6Pb9BYyhyygh4ATp6GfU8smDc5uW7fiLpxV7Ws94bAkzjnANG6aVEoQ5zW7C,0.02,4.07,2025-07-23 09:15:11.241161+00,completed
6d5db61d-097a-429b-8287-14c81bbcfe47,747749139663552592,565DvAWjGLx1kQTTkgdpvKCMF9fxHgx21XJmmJtga2fN,2VCRi5NEbQqLr79fMWRzZGAQE2h4o9PgVoAgwAdsMZp8nqQjvGCNbMudEHfNqLWrhhFczEQmAoPGPiXDmzmYQLcZ,0.02,3.88,2025-08-13 01:31:43.288947+00,completed
6e0addd6-33d0-4b45-a205-81115555a78e,785004437332688897,4SuYZ3cTCmD5uuSQP2GW2hE1TDYkoDEgcsVBA7nBTiNt,5xWb5iskLNyfuKpWy2WteLeHEnwXzajjPyZAVJfC6Ah3sEXPE756jv1AAahb2SNVmRyoN1mew6XffFjAoXT7313Y,0.02,4.04,2025-07-22 13:14:35.540356+00,completed
6ebc492a-26d3-4ff3-8b5a-78f0ee1397b9,1209880540342386690,LcSbDtMTLPMz8GvjiUEnUzDUq8aEYXf3CfbRtMHHVTS,5Yu6Vr7ydcffYcYQhNUau2SFekS7S43qHWNUi6Uq7Xy7uxPaw8P8DjgSz6JkdgvQGLa9fgF2e8ofLNpsF5WwdUcs,0.02,4,2025-07-22 12:39:11.332865+00,completed
6f0909df-dc38-4fa7-8b12-e3c86d555432,1132621530958930001,6QQVYu3V3vfPcfx36athppsDQxe5AHAJ4aENQukkBgGp,3CKRo16ADJm9qDTqpDJf69XPeuGebSbJKHcHgMeDwCjWmXRY5oZy21viLPyCvockrpU9WfWCZVYwkctvdu7eML6F,0.02,3.99,2025-07-22 14:30:31.597876+00,completed
6f2286a1-98a4-4f21-8628-4bafad92e4fc,1331705103698100337,hY9FBGjghP7U7J5wrDtvjh1tzPvXUyppHkDuW189E61,3rXDBY9eMFdtwvR8AVQaVJbetSgXXSmYTqt3PaMhkCfv98qE4ye8VQnKVQQcwd2dXdnXBeVEQVUmDSCzoafNrr6G,0.02,3.37,2025-08-05 12:40:45.391495+00,completed
6fae2952-2331-4ad1-93f0-839b303308f6,1395338346494165087,7s2Bwh6mGcwAazMEYeHPqxhUrmwhAbfegAgJcsGNpruq,3bDpmbdf1o8com5JFZn3ucHv3dgjbE1fpLdgF59WfZ9X9m8dyEtyzeCiXpf79zSzhtLDnwSvbp1FNQ2J8pHCFNTD,0.02,4,2025-07-22 12:30:48.754562+00,completed
7015fa1d-3bd6-48b7-bb3e-cd856bcbb4df,757141710836072451,6xNb1jJY6usYgnuNDHugEA6kHGVKLghig37355h2k2Vf,4mJRz9CPBHq8aCgL2XESJsTU24DGPvQVxPKa9JvSnd7wxz7SnB7bD8hUwsBtKA8bYCTR9gMoc96w5DaRsU1XgvuM,0.02,4.01,2025-07-22 12:45:27.782404+00,completed
71d8d68c-adc3-4458-ae64-87962e9fcb65,1172173077728215135,FH5xzVYdRWGaiKhNhX7B11vniKnGJSa2H4MycapYfTA8,dkf2GG5R5ZidBcWhQpZWmJwXZWQjpEpsHDqgv3ncbwa2RgFQtgELGc3EptzXLEBpnwCBUVkf5QjRaoDin9GLRJd,0.02,4.02,2025-07-22 21:27:24.797301+00,completed
73774b51-6000-446e-8401-1a008d9a0294,1293552754014425110,3Jn8tqVTDyDCi64jTzY6UFAJPLuuiypuFghYcL8PvaRz,3Us6hLWejsStUQ6cxKukHn8A9LpQhEHg5VrT6BSX1v9bz4SkN2PmoNgr1j5Lwm2jUejSnw1h7GDgAmACsgkuGQt9,0.02,4.05,2025-08-15 07:02:45.83778+00,completed
747dd572-f8d1-4925-ad1e-9417ffcb4768,852948274888310843,9PpQw1Y9veEwecVABaQRW1d2SndpWgMnM3W8y9PsVCea,5mDnTiLDZZA5kbHGRv5mnUQrEDN1yg5JeUxeEwE1Hmsh3b3b649SEn4MpgATyVkU7Pw7E8mbtAqT7ZaPYrvS1UuB,0.02,4.07,2025-07-23 01:53:30.229432+00,completed
76979d21-0c5d-4775-958f-ac97140c2208,1129356891454197850,D4FpNs4jQ387cduZvtNdPvWGPJDG4PZLtTJjmi8CKKzC,2sQJsUKBEwH7GjttEYbyYCDxgxdkrDVqTTtEH3cdiP6RhdDptnwLz3hNjppu6cnwtKwdNiGFqJz1D1h6s62L8Dn4,0.02,3.89,2025-07-21 19:33:57.674711+00,pending
77154d04-ba69-4f5a-81b6-d86fcf913280,1209880540342386690,LcSbDtMTLPMz8GvjiUEnUzDUq8aEYXf3CfbRtMHHVTS,5K8p9TxT12CzRC9CxvFsYBBYjnQttY7utbxVJx8VZTFUhkVUmHYhDmK5rFMUpRYZyC6ybLbitmSHqjnE6DQYuFvT,0.02,4,2025-07-22 12:25:52.863092+00,completed
772901c5-ff95-41e4-934f-0ccfb05960a5,843437595898937395,GdrHTW72jrfiwR6gJMGzVogtv3EPjYVFETFH5CYANX5P,5JUByMTzCubbnNoLutPnCYowUrgwAbrsxMUsex3nj5aiJU1rdoBygdaKg9amQeU8aRXEB4yvvVr2Tw9AHPs8ZZdq,0.02,3.97,2025-07-22 11:43:25.29323+00,completed
7786b4e8-1621-40e1-86c9-f1529ea33273,618931418197655563,2djVNdZtKZeYGWYfd8KDoSqWNcWbGaucYzLusbkpYJTe,UfXxnRGYU175sLNM8wSUzJiSqDQfw2sM8XrX14mfx3gyEhGRSDZnbMwc4SCRPhiETRKNWHx4QWr78B48rZRJ1K9,0.02,3.6,2025-08-01 20:04:47.468096+00,completed
77c691de-692d-46f0-ba10-9c3228ed9873,1294864231589613691,7nXLFApqGbcPM1BwWAK4r3LgdAK8yStqb9MZo1BwFJDy,HtnMtmCvSvBuqzwS6SGkJ9tZfVhVoeLBStLS15jUpsBeMxkW4U5xuELUMf2FHKPLLZJvWuG11KpYsJVu4GQKEkG,0.02,4.07,2025-07-22 15:52:53.570448+00,completed
780789ca-dfd2-4bcc-aeca-0b8f3c18a780,757303065513820181,8oePqaVTGq9eVwfMtZFSubakpdRL1SF1BUSfYBqhE12j,5PTq5mCv24bYt1iMxoaudNHaoUQ7Rc2nnpvmATMmCFvfrq2sU8DpZ2BsrKpz4uETrz8KeScaHLmq9Kh8LVxDGjcy,0.02,4.02,2025-07-22 20:55:34.267175+00,completed
788bb14d-c4a6-41f3-b40d-3c4c690c47b3,909323990852591627,6hM9ut55Ri5oZQuekny7iQdtFJRYEugTTuiU5NSjjkGQ,5wgWxAWpF4HxxSPA7XEyNEZEGmsc6a4xjEJfgZDRDgvFKUFr6CPnjE8omt1cnnUzY7HeSnVFAaXqj75sw6EEV4ce,0.02,4.05,2025-07-22 13:18:12.765669+00,completed
7938d946-df39-48db-824a-31f7aac30f22,478860213097857024,2hM12sLGV5D4oZh7WYXCg8T5MB9fnrH8vJXkxrkAem4G,N6hBsGzDQJjiLKbRNag9RzsQbB64AEH7zEjBe6VUMUii7eAB78THi7sZnAqbyKt3VfCXY3w7vyZ3c6Nngw26WEq,0.02,4,2025-07-22 12:33:29.181839+00,completed
7a5f7217-a171-4f4c-98b6-485a1c196d5f,584843064938332163,2idnMGnQmGiprUk396aDaETJq1H2s5DxZkGrnoru1UNq,y9BasYbPk7hTeaFgKCsVcwcNde8mLnwJrNDoVeoRBr6hPiwxgaru3aSktt6kasYa22kqvLFoEJcww15nx2QAfNq,0.02,4.05,2025-07-23 03:39:48.843248+00,completed
7b15f5fd-dc76-4d0e-a1a1-95771f93e8a4,752124360734670889,4h6ducHx9zDcXCXG1p9zLTsmg19orR4WXZvkcy2g3okL,5hMLTHVG2NkEvKoJJ5zNE4Bw2ByRPGWcdduAbCRBzRYDvk8WD4FDTcwKtjPVs9xxoUpQxTA1PT4mqwcALn8midMd,0.02,4.04,2025-07-23 05:02:51.872797+00,completed
7b6e87ab-35c7-47a3-ad96-d0722a56bc0c,1254466128730656829,62amT1KY4DicEhSM4GnmrLwu4saEuDdmvexscN1onYDp,5cDZ8ZDnxc56f4mjiKNTXuqxdqLVodtty4PPHkfS43XQRjxbzqxRBmqu7WvXubs5m2JaXEVXKfurum6umEfhfsRZ,0.02,3.99,2025-07-22 14:13:18.621868+00,completed
7b7a946d-4a5a-4158-90e8-00e4d44eeebf,1139095184831942717,2VjJpavqXeMkidxnmkHKUWk7d6J9TeuLyZBw8XSKkHrA,4De6A32hdAwgxVi9Yoq1rFFYxDtZEaPC58y7xHL1chdC9kfaHRWQg1Ck8AiewLuaBpwF7sznuAzVfpq2PwkeEuJk,0.02,4.04,2025-07-23 05:08:05.167407+00,completed
7bdbd449-130c-4b82-ad4e-c5a6bc81e58d,932390020315250729,GoEAvGVU3iDdEWSFyJ6TpNn7Xvb4XbfJFUo4EcHzmMeJ,4TW4z8w8FXGNNy1Cgb1Lh1RNx55aTcWm94EE6BxZ5vTRnyeuP8iZdzKcqWToufk5WePdTmeLmKz2ncqZcjrSBWYo,0.02,3.34,2025-08-05 14:06:16.336828+00,completed
7d336835-b9c6-4f44-83ee-ca4405be55e0,1197894371442434089,4WG8AXTR94gKPTaRZuKWatmAYvA7zfzzca4feyECHid4,3dfTLqgpJjbBKztP6J6BEerN3z7k9yY6RKSefgbhoGhz9UPg8R4MZEXQaif8YD9TWmYfReS5KT4SNbzeEAtTBxRA,0.02,4.11,2025-07-22 23:56:13.77033+00,completed
7dc8e517-0314-49b5-9efa-215be8edf6d8,1343819304944275498,FJAropCwD61qaGHRkw9QSJDVeBNRkx3NZxUMP4mQKkoC,5WPHnjQbKxJBtkzpY7EZrUTB5uLZhgw2aHavo8twDQmDgj6cwx1FjAivjprnE4x53fQxL9qFeutLzyb9NoPfWzQb,0.02,4.02,2025-07-23 06:49:29.640656+00,completed
80d08a1f-a5a9-4426-ba62-4f0ce4b81966,1198659502157873223,4fijX4fPMcdooRLKWxbPKL1Pd5GZTEHG1vfbRGSNjwq6,2uk2wwMyQjLQ43p9mC1jCstAqJwJD2NFAPMky4WZyvjzXEiAhAXf8AJaEYyEyrBCH8QLE6H1c9ZMN9BDqUeqFvVg,0.02,4.08,2025-08-14 10:06:19.343014+00,completed
8145ebc7-95ee-4f9b-beb3-1f9a11ebfba6,1244957853589045289,27UJtkxGQQxoAzkZpG3kyPqeHiNSrrPEoDrcthjqwcHc,KbdH621KpMc4vkAoPyLZi7boPn9foZf2nE2o5vhntBQ1V2sGHp8FDQBQ6c3YFTTJtAjZkLBr6Qtdkrizv5EnQpN,0.02,4.04,2025-07-23 03:50:57.824515+00,completed
81c7527e-ed6a-4c85-a35a-78f8d1f2777f,982484003196133376,DtUfvq2x7EFFCt59N4ajsHJHuxmHgbJAu5aeE44RZRoB,5MjatUoTRj63RYpbaFrv4YbCeeZzUdtyN6PFophhYEWaSqmKKxdadPdsx35xekh85twSvzN7Uw3ViE3eCdZrPBCY,0.02,3.98,2025-07-22 11:59:24.441571+00,completed
82131bd2-b7c7-48ff-8565-390f2d76fd9e,425910497003700234,FELr3PCwBHLZLpBb3BQDjBmkyp4bsTZwXkym8HZjJaem,48oHEA9kPTe1fphD9coa2G5ca9BXCfLePfAkpQXZtMfnsdoBip4wQZFnZtZivkG8SMSo5UnVqDtFDXbGY3RDxS1h,0.02,3.36,2025-08-05 10:06:03.024918+00,completed
8361f013-8f39-4e8a-8b58-c8d852c758a7,277102811563425793,CZpc3xZvS7iPLDTXrMSHxFaE236vZDpWuEQTNVD1Lx2P,4baRP9gUDsnvGZY2B9kwLvk6agGZzBJwYztpuUAsNed4jiwxpE1WwJ4GH6VVmbPkyRbGzET8oCKa3LEubmUt3Wxe,0.02,4,2025-07-22 12:27:54.609702+00,completed
8374a9aa-ea52-4f6d-bbdf-7cde5a6e81c2,1082376505767768147,6oDWnQCHyQFrowebfMpUfWpFtb4zfaEypk541owm5KtS,4gBLgX7rjtdT5At6rLLSUraz8GAh28WtWytjtipDriVprxx1untvF15hyqFLsoGJ46aTjpTVe9Gt2w36yzmPJbeV,0.02,3.68,2025-08-15 20:13:51.848865+00,completed
83ba23f6-81df-4c53-84bf-dd0c7f83946e,922700592516825120,2iTDWtyaZ8pinYnQLGuPfygf1bbKYEA7Uz5rS9hFRXAq,4XJuUrk3xZsaU2dns9RZfxBey5doRzaTZsacboqDQJVLgBoo5h5XBkFcs4cirDsjLqQbcvdUkV8PPPvUbL16bVD4,0.02,4.01,2025-08-15 12:43:34.868942+00,completed
847aa6ae-8fbd-42f5-a91e-4c8cf579ee5d,419528578959671316,FVuC83i9ZgpJo65XKx7U4BrQrPt28JhBnXLUaedYmckC,3xB4SdnPCoZqY1fbZfMjCLvgCaY8NsSUVZRt9brGDBa3snaTEfJKN7Z1WNVWVuj3HYitUWiKtFvWkEStMML2xHKf,0.02,3.98,2025-07-22 12:06:13.366368+00,completed
853bc496-45bd-4ab4-9dfc-7529b5b8eb57,746043701360590868,7J6t7uHQ4caZQ5JGkMrbPK7gBhBPJAePvrZkdF1MksTm,boRRW974m7SxXCKEcA7FnPFV5Upb4nLvUUyQqLJqFYhbufakuUhjpHjteSyq1GdgmTtDuac6qDHzcwWPRKeu6Rw,0.02,3.57,2025-08-12 14:38:36.05961+00,completed
87048309-8a74-4892-ae4e-4445d08968e7,1171842198644457486,46Q9A6ZkpVK6SBVLEKVjM2AG8KbH31q57xhFkAJuCKrQ,5ep4j27XGcknyv6uiB1YB7MEGiChCUkNNK9Vzm7K2qpwwGJsAW7iEoue1JA1gdU8cEXeHPFrPXAxdcEFnGV59oQV,0.02,4,2025-07-22 12:28:53.928593+00,completed
87479a4a-c479-4246-b34c-4407423dd68b,1209880540342386690,LcSbDtMTLPMz8GvjiUEnUzDUq8aEYXf3CfbRtMHHVTS,366CppJuJLKhzENUGKi1oRjJF9mgqhKPJunjC3rokAqorUAfeVMepT9JqAnV2BDfcDjGWvm8vqGdWndfXr8CXftd,0.02,3.7,2025-08-11 03:56:49.718084+00,completed
875183c6-2d72-4460-b61a-1010dc5079cd,428507281181769729,ErRCE1yaLs3VGXDn3rGYrenuSuKyUJdCsJfVtGU3xJ22,5tk9BBhdSy9WkMK4BzykKg3B4ect2fu5vvv5DL76T7VnECsnXTK68UfrQijp5t7yNKFKGKmhH4SkUVu2ko8F2GGe,0.02,4.03,2025-07-23 05:54:56.201218+00,completed
8771594b-7330-4829-9981-e30f50e9501a,1219501957043982418,AgPng1ZJmtpSngxTBAhuE9pCCaQXzbUu1csn2ixSeT2w,5C8LSfnwFVS1mK3VgqvMoptawMNYJoMqKGX2YvMVHdpLJssy7DTzdcbYhcWLo5hF9AGsqHyoqsn3rhiUudQUTLvt,0.02,3.28,2025-08-06 07:17:17.444081+00,completed
8aac4659-833d-42b9-b04d-290721fc556b,1209880540342386690,LcSbDtMTLPMz8GvjiUEnUzDUq8aEYXf3CfbRtMHHVTS,4BqLPrQsWXBGYVk5UMExnZzzaLMLrmzy9qwHGNANsPgBBSXcJYUjGQfnp75LWZ9Ai1Lh45jNycrNra9fWwaVEYhu,0.02,4,2025-07-22 12:28:13.738043+00,completed
8bf88e39-8146-4216-a5dc-908e9c5c13c1,1024040969752019067,BqsCXuZBgG9KUDeXuEfCqdbnaKW1ib2qCat9kbQz3vHC,2DFSspb1CZjGE6uUDhJW81y164pHMiVGRxF7b611jCt8n17hkhbutdpWZePzwJ6kY98u9VfBXKvTimzKtL5qqpvp,0.02,3.5,2025-08-03 08:49:19.069633+00,completed
8c3276ee-d2a5-41ba-aee4-df5ffbc53f91,449460126966087690,CkPTMCbwgc4TxeffZ2EtZ3zPFzypPuKHaN1xyCQhTAcp,jDSd8adQwTT1rH72sgTDprj1qPmDUQVvxSVVXXKHrkaxDQyaPgrUhATJCHUZdPbhQKntfoBqNmvMFghG7dyQA1t,0.02,4.06,2025-07-22 17:15:34.649195+00,completed
8e5087cb-cd0a-467f-ad0c-6da5120b1aa6,1234441496800006226,4kBU7LV2QnFqAKw8aS7Cza5mT5VX1m1zLPDHsW34LvoH,64mFTYPXsLcAhmLZGmDqmNsvnHRuqohS8pa5EmVvtuSqnC6w42dgAxRgR5f9SoV7eBboV6LU2tzZ3eHqhfzVKaS6,0.02,4.06,2025-07-23 01:16:22.551423+00,completed
8ec8edf5-3466-4646-a37e-9e2719fa6f04,907718569549266985,9a5EYqoHRMk41zYemLni5onjPBztYmPie5DmLYW91iUq,5BdhUVtPm7xfZNqfMMVhNYQL6ccFsMmrESMA3oeWZNjdRso4iKNA6X3SFWkexSPS74gPo8TK3s4C5hrUgP1SvFAp,0.02,4.1,2025-07-23 00:07:49.110246+00,completed
9160c048-580a-4cc7-afaf-3d98c9e308ba,1228656395977752646,o3UjVmy22TokDQyeMKsjvpNZY9BqbSsRQdPNTKAfvfk,4kknzPD5NZbgtUCFJXJdtpWB5wXd9V7deWG39VKUuQFNDYN9AaYLFu7G698mt5hfvmy2BSNWwnD3JHEgEmhGpANz,0.02,3.77,2025-07-23 18:01:42.829916+00,completed
919ad47f-27fe-4f08-8e3e-155c394515ed,1329320177892069482,7cAt4ZSGmefaBwUPefUjk1DFHhPJLLsTGmLoGoT8JXGv,3D5kr4r9PuRc5tKpRfXtsTsaHU542vynK7KXmM5ic5dUXypUhXQCzPadL1XAqPFWVnFEn1ZUYPgQkrnrRV9mN3b9,0.02,3.49,2025-08-08 01:27:49.14214+00,completed
93b34141-8c3a-4143-a306-bff0ae470d6d,997859058839191552,9LU8R8oEdt9Ghe76v94pe4Wma18dB33KGKmrbZRqj6ow,4BeaUxn7PBTKVo7hQLgcZAj4wPFa9UYzJ8F2ojmY9NMKxt8ZKd6WrEJ2ZtzoeBe1c3vSodpyN4Z2L9DEoJBL4R7k,0.02,4.06,2025-07-23 02:06:53.775515+00,completed
93b94db6-2db5-4b0d-ac37-baf28944f5dd,979912264482185326,13SaHz5Bc3L55NZNCgRvCJPL2UYDnfCtWh3YaoB6wqkt,26YCcpaKbcNssKosGeLvxmcUoyPJ79yniX3FCbqg17mj8qco1nfGN9mS6AUMEtetemuBrd7iZmsDoTGSxRRWziET,0.02,4.04,2025-07-23 07:02:45.357612+00,completed
93c5eb0e-b155-4775-8a9c-3f8aa04cb485,917155658061729872,AiywWKci1pbUs34vaanFXTPE6EuovAxLrc1BJsXA88S9,3huGcnSWgv3izBHyVnPqSpcbYN9xzyapTdVd245ZiH7SafsoAnnaTo5CssqvcWPAHgZ9P2YCvJZ4raTVVQmRjhzu,0.02,4.07,2025-07-22 15:48:24.921892+00,completed
942c55c9-f086-4549-90d3-89cf885b63ef,408920015769960450,Hae64J5RsbkLm5pJH67oMvwwGSfbPHhLug64uZ6smhfc,4yr1FuXsL4V5i8VqghSGaBmos9PABDiTUHBxpYd2iHxsjTs1y6YzA2ASbxE5CTqEXEXJsT3f4QpnBCTLLsYoL4iU,0.02,4.1,2025-07-23 01:59:17.764085+00,completed
96592dce-8a3e-418b-9dd6-9fbf21a9e096,1044458523255386142,HnwG8syetirmgFv4CTRRo5R4fN3dSSoHxE41FBd5Nxuf,2zQp1UvAccixvFrDoUWBEMKAQpyEpp4Cg32fmDRUwa46Ku3UPzPq3mUmdSuEtmyZi6AdvkU8roVZYDxmiP1FG6rA,0.02,3.59,2025-08-09 07:01:53.654489+00,completed
96a02ac5-6bb7-4370-abd0-85d0cea94f7d,516283759146827807,BK11SnEawGkMpdaG9wAttz8EEqJRUJLR6QV99LHvU3fE,4FmaUYJJmsNkmak6v25Uq9USpVXz9TxsF6GQJFvJaXtPPoY1Vfz84aaD8XL6oNbNR9fyoE8LPTJfuPV7jQkhits7,0.02,3.46,2025-08-07 11:27:13.253614+00,completed
96ac020f-c215-4bae-9858-d1b2511a6c87,1346871743855464498,72bdF5XhgPY4UGfCYJG4QyyMYqMPyuMPYMPGNV3MHirq,4PKJKottTnSDSNZmdpEPRBLsama28Q6PPXS1pczMtFLVeDWftTz8x4BpesbbZ85fwQwg7hKHMAcNyNq28P8TUgBC,0.02,4,2025-07-22 12:22:32.929353+00,completed
98378b5d-9c1f-4589-95a3-a719f9448c50,1212325528326119464,A4bEBs8Pp34VGQn43vnQHnSekhakXrdejxWb5j3dY6CK,5RSXA3xjLXFc5dGzpmUvgT4f65GM4KXLWcQHeMhuSLDNhYJocgUECfQK17L3jnWvqJhZ8xb89T6R8uuv87UAuJPS,0.02,4.05,2025-08-14 02:32:09.465817+00,completed
9b29c641-b54b-4991-912a-be28e91b4d92,725744378848608288,AmBxxiXiUV12RzbnuGUQihaxAWmVk2k1UkV7PensRkdY,4UBSUzmSjXXWobZLFypFNbC6bpprCMzLYGPAH352E6vap6WunboAbctSF5bnSzQdwTbn6hvU4bx3yGYirDk3bnDn,0.02,3.61,2025-08-09 16:36:48.666123+00,completed
9b9efe57-8834-4099-9ecc-2b1c9f2af96a,806388371487195146,5nq6SVHNFTKFYLeo5hyDg5assNxWkS48bfYKK3yjUpeC,5cSSeCPMExKJ35vhCzzDGeYQDdZLxjjbS7xmQLXroEnKDeYfcJMWRpkH6aZ6gHP3eVzhKd2Qr8HcRavodfyx8Rf5,0.02,3.38,2025-08-05 01:27:46.192491+00,completed
9e59cba7-f0b5-47e1-9a33-817008430525,489928762310393896,8VgXkkqZdZjKfYRVw4kitd3F6Ua5ShZ4DBkUvD4gqqRq,3zuJaSPDyW2Bb16muoyKKYdAeeeYPK5MV1MVaL2wPkrEfKVCeCjDgVY8czuG3kdRJWuNMRZLw4rnLheZXk81m7FA,0.02,4.01,2025-07-22 20:47:13.501397+00,completed
9f0eb3db-227b-4cdf-a793-94f5eff6499b,1078142309293637782,Dt6Nyyzcmbe61kWi6YyLzDBBB6QqoN6vdw2s3E6Mwowq,4MA84xBCSDuSXST7GrAz1sNwe7tKTiYSNBRewsgj7ggjZuJxRbP51Ez6ozemNi9qz8B3KAvcPpiMV6YtLYszpMuG,0.02,3.37,2025-08-06 18:51:22.661441+00,completed
a1033869-7c69-48d5-a427-d54c3b972ad7,1097052550768906252,BWqei5KTWrohYxcKc5vYE9rf3fyF3QEqQ6ahvAEzSbUN,39KEucd73P5WyNVsigTKBQJXUfkUiGEvi45JipuDJVPEV41ij4ek1uGhC7oHFQWoCJreq4NWMkDQpHkr9ho6zqi6,0.02,4.05,2025-07-23 03:37:55.492394+00,completed
a1c77a92-592c-4315-9cb6-580b10da527a,261287743953436676,3Pgq8Xogc8t6P3fKgTnjyXt3etRH3nk4HnWwe1Z8ef9n,584JBRRLLa5C1etwFf2PjTcTNBNkQxnrqX1EA94yydFG7CnyxRhDGUsdmPhPGgcXr1LmN7zk3vt6UZEyVcTvvB5e,0.02,3.99,2025-07-22 14:18:22.89758+00,completed
a3c0e008-2371-42f9-9d8b-a12b30a652ec,1115084693478588476,BNR6hMobDdU4PCxyt9vx4qDtbsQtHc2yRxLNHBV8dZ3M,Myt3Mq6hPVGG6AUxvcjqG6SYMPRofmXxZYsL9b4jyFU4Ca1kg7pGja5bJVa6zhKxAe8pa2ZTixcMZua44dcUkHw,0.02,3.6,2025-08-09 23:34:35.854847+00,completed
a41eb2a1-c4fa-45ea-b4f0-98648cccf0e3,993419748907946005,DFVd5QzLyCV6Unwby7K3TF5yS2sGxEPuvKedxTVxx2Q,46R7eGbeoDtm8tieSeDP5Mxq8eABfz2W9kHeVwrnSsdchs9Be48YTKvrbPX6GSofTvm3NdVYH5NX9jFQrBqyq3HT,0.02,3.78,2025-07-23 18:13:11.024127+00,completed
a50c980f-025d-49bc-8943-adf0cd05243c,924248651038068756,8QLSkUAQdKmXoEW4kWSUTNY4mJijpXHZ2EecAz725fSb,36EnziFut3pYvizmWBcZc8pQuk5Sm8hCwqqwL4fygrEH7H9jcYwy8uBdWrXHJ9htSjYTob8eEvALkZwtoPLaHVcs,0.02,4.04,2025-07-22 22:27:58.998209+00,completed
a52635ce-2dc9-477b-b9c2-bc49231982c5,1086333736620142642,CAroUmqdVpJTBkynCV5RxqouLhLtPfFWRgJqPCnjtMyr,QAxEFdVKqZgkKjF6uqQyfrYFTow4f1icxidbdYLBLp27BjHtAUVg7RG57MBP3wZRzSivTrALhio5iiPehoCCaSG,0.02,4.04,2025-07-23 05:01:43.94838+00,completed
a61267fb-c7d6-4d73-884b-18901f889f87,989506012383944734,ACBUURZuwDGXCbXHJCBYCHJCmgsbYSxUwp3CKBow94RD,2LCNixJKLDPwMLWnv9JRvmVvckngtea7vyFSzNQSUXrfJXKMCEPSP7T4x9o3fqfkibaKn7StSW78YuWGtcwgmHZz,0.02,3.42,2025-08-05 10:55:44.857149+00,completed
a70ca977-f173-49b6-9d45-55df62bf9a9d,1155546903237378088,6u898JxVj2gnGmgMvZhkJ5oEKxiAwqZ3dPD2GJUCPptv,35CRtrVUKR7n8LtHzCUpogPb3kG6Efu7SphL7S5Hj2CX6VJp835NdvqT7powFwUekmxtmf69VaCjHMTvKeujvAYJ,0.02,3.6,2025-08-01 20:02:28.553186+00,completed
a726c2d1-b4f9-4dbb-8b5a-1555552e28d7,1007551056047259669,B2PUtwG1zBqhrbCC6b1rSwYvbaQR7acp16nMCMmkwaZM,4Szs3ao9Xq986tW1H9MhvdVuqHH21QdDULxQwVvGFZT5M7Qu2DGhbya4JDj4XQwnjfdsiYE6hCsFsGMPfvX9sFk9,0.02,4.05,2025-07-22 13:54:22.173134+00,completed
a7c8aadd-e9de-4367-89ad-a196f4a1e376,825246055833796630,3tybUS3iUDbBP69vnoDLnSuWZ5yTmuJRtJ6MXsJkmzvB,38qiwXtrE75WBdyaMSp73BezbfuJjBHsp4PwiGRoRfyPq2mLejugUJwj8TB7pMRNizS2Cvak9K8RrcanNCSkyGoj,0.02,4.06,2025-07-23 02:00:15.087478+00,completed
a8c5884e-5801-4272-9f2a-9328dd6833cb,1229463227268857888,GTcREjAFDygjfHhbwqifvSASodCNFSjsd8Nj9rVYcij6,uPyoG2UJismaWCzcgKWMHvT7FjgUX5RHsmvo9PSvCR3XafgeUd5uj5jPF3YY1163XDion5Z3m1wYfW2VAT5NTdp,0.02,4.06,2025-07-22 18:03:39.118696+00,completed
a9eb8467-e2cb-468e-9d22-0328b4b208a3,843187690639851571,GPCD4acW8KkS1T6LwnyEQFGafs9tukBFu8qowBQEjTLB,ZzzxvfcEGcgJenrR2UiXXcH1tyxdQuGoWSkGcRKn6YGcvr9VhfjjWRYtTNPkaZspKacMQZZCdydPm33SGZ1VEop,0.02,4.07,2025-07-22 17:24:57.286126+00,completed
ab2995dd-6a7a-453e-8494-5625bb04b706,979986823323459654,E5aZ3QayMxbcw9xQdhcmw32ZnpSR31SWL43GKM5TwUFH,3qV6QM6beFBgFCAa1YEDTTvmX3DbuVWruofykBXEKNvntUB5vHU8zaHFgjCYPL8JXWmf785oeHk1VPUEHf3wXmTg,0.02,3.38,2025-08-06 18:31:38.503489+00,completed
ac2183a4-84e7-4e93-a1cd-ac18f0aede28,1038814963856314488,BP87appYjneibt9thhfbZkmWAhmHQZ6GnWKR8FSjjuiG,3tLPZEdbWLJoymcT9ysLLgrX7i5zDjuWwQjoTSEWucTBUXQnEp3zKv98NB9XcNthJRKDbeQQY71Qgc8UTBrtBGzU,0.02,4.04,2025-07-22 17:56:45.171968+00,completed
adfe9e46-a776-4842-a283-80cd89bf3235,413944847138029568,DzZVpU9mgTBaM6RucKU7hx2FXkketLEwrpuZfdDHvZe6,3XRkM2gqyfW9ng1rRKUNSYCRzSisXTgRko6N8pCCty1EVJqgXxfENXZhmSJmWyUHp8enSnpBLN65XK8w93vNCMj5,0.02,4.03,2025-07-23 06:29:53.796676+00,completed
aef83690-33d0-424f-91d5-e5f24ab7c9ce,601361819113881610,5bybdBrvzAf94rHxJHGicwmMHp4cGMkBdTXcwmnGAxda,4zoYT3vSCWSv4W6fGxeypr5HMAkzbMHpepSzSK3qwcbaw17aqEEU8WcYpcC2izKjMyfjnP8Nynruc1QPt5qJJo2Q,0.02,3.97,2025-08-13 03:03:48.92886+00,completed
aff69959-4903-4b08-98fa-ac307f817620,771176982070296577,BNiWmsivU7v3wmg3BagtvudFgCKkrrvxfWEpa5TXnJJH,iovDoQsvaE3nbS932GQozB4vbzp7EigsWeemj4BWzkT6PyGvtELULLEw44zfLJkUL1HaAUAiWJCHkFguipuur66,0.02,4.05,2025-07-23 11:21:11.215232+00,completed
b02e9cee-7d55-4c9f-a4de-a9b9324272cf,1152437387775987804,G71WMvYrgEq8FdGmLNFEMA3DufoYEPq224VMwBp3WEJJ,iK8U6k5DZYw3ZxXWaNtsc8CgZJ7yMNDaWNBV9jRJY8zjFqZtykoTxoWMQTAjEu6uFm8okBkF2V2ZmQSUHnjMp1H,0.02,4.08,2025-07-22 15:21:18.069065+00,completed
b187dc5a-f254-4ce5-8465-9d9580db5802,853326124859785246,fT5mtzG1zMKLRibDPFcrAz9JFyQyeS1kAMJezu2kRSG,6N6vs8ZW6qn326BqSSzyMQqRyvbWiij6ifzVuhnpeAnSeu38Y4zfhfCXs1sFp9FoodZdftwg8KJj9u2DM2HeWoX,0.02,3.84,2025-08-13 00:25:20.37023+00,completed
b22475eb-68d1-41da-91f8-30d5d1944645,1252059285484208138,2iJnsfPUmvsoMZEAqLRuZuBJo4pQHWGsdeGUh1YwpGQe,64j4HeU9YM7tSuNBuk9phnjn3SEQ6i1igJcfWGaW4ojRTvkuDnVpB83tycaAJfjLk3HQPXCHSzRCh1w4P9TNyizG,0.02,4.02,2025-07-22 21:21:46.849877+00,completed
b293c96f-bd33-4abe-ade0-fff8d0966757,1054928231494586439,xtySUZwWRERb22QFcY76bHPt7tQfEbDhfFWc9SHv4w6,3A6pXMovTQ2JaaiJ5UD6aEHas2ibpD1f4L8C46Z2StP16sj4z74AEfHPv96puAcbQgjsDriqy6TYuMfT5FDzKm37,0.02,3.81,2025-07-23 16:49:16.618699+00,completed
b55487e0-0043-46f5-8f42-4183d792eaa4,1091394967823466576,CwNhN83vRaMHBnMdJAM5UnryMiHKKFmLifHHhLuegDQR,HHdFjhjASiYapQfYMvoEzC3jojBRynav1qpRVsbKgkSgPG55gvGsBtY5G6cNYwVBoUuqyRVyNsw97grgsff1c5J,0.02,3.61,2025-08-09 16:37:13.440523+00,completed
b554c2ea-27ef-41b3-9b0c-1c8fa933f514,408035634989498380,43YTBR26y2Wm4Bc3kUwANBr9BLFP2xj7sbWSUTE3uYXi,5gzgzuRLs5cSwXjcCTNUzGRFTwDG2SRPPos8ne9prEciHLkjhq9JuKzXTwn3TLnhrcboe9wcx7sC2AikHe36CL4d,0.02,4,2025-07-22 19:42:49.683456+00,completed
b57ed5cb-8f38-409e-99ac-d3ece8eb6421,327091807991103488,9h6q1bHpF5PkfCZJZSZCzcDMPiAU11CAx9W7bFSq9Tmu,Up6TWiqfKP1kdcwQeJ81pLtvWTzs26YmpaafZa8JsN8SiVLQJq4Y5nfavsPrxhdwHdVXrsuHnkqZEAENKyRLSER,0.02,4,2025-07-22 12:37:20.179186+00,completed
b612d56b-0799-4f07-a6a8-68ce55320457,843986078306009098,DpCBVhN7NF9DVxiZ3dingzEtxHtpJqFPp7w3N3Na13uq,21N9rtWcjKsX8EZiNzmf6Cs1oJThHVsBze5J9RfwF12gk22bKvu9VQqz4gSsGcCWvgzYe2Eac4WQ2v5fVJzV1hff,0.02,4.02,2025-08-15 04:28:47.112568+00,completed
b6ec3326-00ac-4483-afa4-3bed1fb61b02,1268099911174459404,6RL5aRocLmjxhzxZq9n1ibFpEwPH95Hocz8phHsvjJbV,5Wy3uq9JVueHhujoLS27kdyAKxbAXg6cbhSHGD4vjB3gsJqRZVBLRVY39pTQRJLz6yg7bfiTGA646vUqwVfd9oZB,0.02,3.4,2025-08-07 08:22:46.886605+00,completed
b76c39cb-6e47-4b40-8e24-7ac172615311,993367536777314335,6CBDqHpfWGvbswUgvqxUfxXrADi21VdAoU2tBYEDYx9k,xhVEggX9ktbsQ5ZepM3kf1o1NxCEEiwhUiBLgreKAuAU3zprK6A7J1J27AcmKL3B5hbMGagU8p5rTcvHwir3dZx,0.02,3.61,2025-08-09 14:37:02.339087+00,completed
b79c42bc-989c-4980-b287-f33d7b095acd,1200977948044439662,HfL2CvDbUnWxPFFs8Txz4oVxWWQMVrH926KZgPmLQUqu,3fkz9nuEHjBDTzR4wCn6tUc7iWP2AGxWpFwsoWzYKz6DhMWiU8RJ2NX1GqQKNqN7V1B91hy9Bia32zdiCg7garjC,0.02,3.65,2025-07-25 19:42:16.979981+00,completed
b92b7206-1639-4393-b4fc-237f2e5755f0,1300511146939514881,FJErYtWNMWkmtvUJgVJsqBzMwTezkZg1TEQTRqgi1iz8,4QYxm448C3zeTihLemgDHUXiP7ucFgW8Lyq2ZFBKA8n46VytWMyy6BSuS173Kdr9bNgeAUNwC14GQFDrw7fruXLN,0.02,3.36,2025-08-06 16:38:15.933782+00,completed
b991eba2-a14c-4b87-80e4-75f638638aa7,1332572047259209779,8p98GjHHzjivSeBQt2DJDiQRQRXvgNFiVtakpjCz25LW,2xiEq68zyyKeWQbsuru7qwJsLbs53dqdvX7MF1bPmgufDMGXQDzU7YA59m7YN88AwPB2Fi5z7hCPqmbrDwkZ9coG,0.02,4.04,2025-07-22 16:18:47.9328+00,completed
b9d57716-b440-40c9-a591-dd6ef3d973b5,1204188126541783130,EP4pkDbPnUCDETF9opPP85mdMTWj7xRKoNsjac9Q2uY2,DPKtrcgUnLnjhNPCdsra77CdvmFWnwV65eBQzBxfUgJ9TPsdZ6b2Hub8wJvg2y577N3rAQiuV2fnxWq7h89XBEc,0.02,4.01,2025-07-23 07:04:13.877606+00,completed
bb30d828-e630-48f6-bcc6-efa0e993d670,1129356891454197850,D4FpNs4jQ387cduZvtNdPvWGPJDG4PZLtTJjmi8CKKzC,5sGJn6n3Hgb9Dq4QZ3cAEcpWxzuzxP1suvSwb8YGXzrcHqXE6YhHJEhrVZaX5fPTtjuiZDXXUPghGmnStRg3KWUE,0.02,3.88,2025-07-21 19:37:09.061216+00,pending
bb33f865-3b8f-4d6b-91be-2f745dea619b,1299323441765290046,swCnphFPPvFnsaYZ4UkJVtYwGAp7jvushJfe1gYt5mJ,655nWNi7DsVVfaUGfxuuFs17JSxpHPhbNCAnDk2LvihNWqkyFKBN9CsWMao4rByZyNkmRM5NQBJCQAeqh5aUc5Cx,0.02,4.04,2025-07-23 03:51:08.575983+00,completed
bb9e6512-e8ea-4774-987c-bb5f6ac31464,1236801994547662878,AMTREbGYp14zkR9sHKYAvVmePayLisqDH1x4g9YUZAfS,8bhVH9eriRH2HbA3jFeyNwnwjZnrrE3KWG3aQLi3pYWLewTiZk39uKzcJYNMhvZ21FhKWE9ioGMtvQJyY7SW6yD,0.02,4.01,2025-07-22 14:07:29.944473+00,completed
be84089e-1a3c-48ae-9e5b-e4da2cbd543e,301720881586110464,EsvRiC57zJxfQ1UVwL6eUyrNDTags65ved62FvnLr1M8,3QW5mjmDQvutGpJt7cSmKEDgADeWCWi2h9c4QymLTaBctFpgwo2dbCwpy6eTq2VuRU6Y7L697SxxgdBW6M4dABaQ,0.02,4.08,2025-07-22 15:23:35.917482+00,completed
bee1589e-dd6e-41ab-a9cb-bd165fe2a0be,536885432428920883,AMmnzPBCQioDbJp4yNg1N3rfwUaRpRT7Rr37NuELG53c,3SUa969xxdgJavXScVomzs4VP51mJTBiAYs7Vd1o8wXGcUvYMH1fLbTfb9fYyFcJEFXp6A85AgQ2WBDCrdZh7m4z,0.02,4.08,2025-08-14 02:12:02.521387+00,completed
bf112b7b-0e76-4642-8d98-5728e5d8bf47,1225406096982937624,2K2WG2h1JHL97NLbitCCuhiBWoiGGMiihtZxEpuPdd3W,2vCkMDsfXosRDFXuFjNtuduJ2RPFvNcsK13ST154Dz19dy9h8UYRtR3bzKXJ8DYXuuAEyU7SAbZSjJM6zGLPKgdK,0.02,3.5,2025-08-03 09:02:43.087769+00,completed
bf6f9fb6-f7c5-47e2-833f-4680abe08414,935784610632171580,4MHZg5GJWYEWPw4kF3L4i3AUZ58XdFyAjMsz5DDV85Tz,5FJshLrxV9DL13WfBnLtpftKjiGkNrjuyQAWskR2xfbwCC2VzWaAt9pAS3iEiF1UxNLyMVFj6KGCzqjtfu3MCjNj,0.02,4.04,2025-07-23 04:44:25.161776+00,completed
c01b8750-bb9c-40e6-a4eb-f799bb4b02af,328054440525299712,Dz1XPQB12cZQ5dVmn8jZq8xpjqdqfND16SKKYpCM5RbZ,2eUyQLnN8mJukSe6c3HjVp5EuvuvcBS6R9V9bN5sVmcxgnKqaxWMmzW4xVs9NUtFibh6YPXdBbZ8hagC6JVetUfU,0.02,4.05,2025-07-22 19:03:06.687253+00,completed
c0abe155-157a-4b24-b0a9-d8fbe87c7b11,1112060060391190568,3UqyNfbVuVenYie5UfkY8XHqdJUtu7F3fcmPoDHiwEcE,2zdLUhmQnsNPDZMu5ZJMVJZpDLbK8EBRtoMmnAYLiiHy6k2QqBmZhQ8qTsgG3vjR35xnuYavqTM4stzkvqHX5JRv,0.02,3.79,2025-08-12 20:00:07.101759+00,completed
c0b51595-ff00-4fe1-a954-81f820de88dc,459693503593840640,B17kij5TubNj2RB2BpKWA5oDbVF535FxKRwfxfi8vFNX,2wJ6yK7g7tz5ooKCn4ASZUDAJkX76nPgkMLMv4S2sJgX5XLX4mW13ejbYENDnAZcReYev7KRN2yAgY2qTw1Fajoo,0.02,4.06,2025-07-22 16:04:44.133195+00,completed
c0c9c903-16e7-456c-86b1-12ae56f1fad0,1268907880967573529,HneMHwUZA4J1prVSgUCfYnXbmJcp3ZtUUuEC7ENtxDqr,2nx7WMuaVwm6A7iLTNBU2Le5hjEqc9wHr2nJfY3jbNHffCHSvVFAsPH4uPBku6NsaaJhEPYHghNNvPJFMb5RyzpQ,0.02,4.05,2025-07-22 23:21:32.071955+00,completed
c12be4cd-f5d3-4b49-8a7c-d0ff083e3658,670619649771307028,Fb9SHWej7sxG19qC1skgQ8EPPT58bycC8LZTxYi2Ejhv,oKKTZKgosfDnyr5nE9ZRqkDVFmPL1HGbyZJPkq7aFCEz75s5qVNPnhK2dwsbRvvB4FkAXrL4GMZ7AtRWnV17SQa,0.02,3.35,2025-08-05 13:45:20.031483+00,completed
c1663f3a-682b-4016-9147-eb30c5949bee,330668058593198080,CysaLrWcPGQsLtaJVUeWWZgFu572zFVMwFsqmQ36MaGB,63TKTDL7eDwRf3jbwPimoZZw5sJSvBG5nzC4DX43nWkSYi7ce6kw5CpFBmnQ8t8e36P4FBcZxhx76ghWEcJd5ZHe,0.02,4.06,2025-07-23 02:37:44.689552+00,completed
c1d3eb58-b0ad-447f-8880-9b7a66ae7bd2,1339617391935754309,F2eruJpVg7CZxq5H3wFWnHcNM7LXAg7UmgzTfpam7L61,3QTNeUqR7ZVoBDPyaRf2ScGZrAeQpsz1xWmMRH1gULMwufoa7mpADHptvgKjDN8BbLH6YA6MSpi3FqMSRC7sGzJr,0.02,3.44,2025-08-07 13:46:56.248567+00,completed
c28767f4-01e4-4482-9b09-a9de9668ac15,613356335756607507,szUbMxv6j8uPWYQWE21njT59j6nfkK4Mr46f1YvASne,5BnNM2ALDVtURbJbMd58p5ffZFDKSASvpdVLqQhMXJmsvN3UvZpDY5Q81bDrUHFJQGPqBekBWBJhznDGddnommm3,0.02,4.05,2025-08-14 12:09:51.658498+00,completed
c2ba7d43-2547-47b6-8e49-9876f18a845e,486458415733014528,AyuvDRid3oLCqUwwvLcKjgm7n3MyK8B8AK8J3DZbLbV7,EF1D5oiNV32BqFGYFTjZqe5Dd5BYnH54CSV5AcrZv6YsrnKm4U2apnU1YbU3ro2Ea9ALcrjxVCrErwgP1TeD3wQ,0.02,3.97,2025-08-13 03:33:29.81065+00,completed
c37b0e4e-cb51-4f6c-9cc8-c82dfcaa8de4,647268783936897028,BRMN4RM7WBeMPaTSEH5xvqtC6bBt1GPRZQVk4rhYxqye,aqyAStzxEbf5e63fwEQZNqqmKqxW21Uei3kiG7EH6jKhY3jCbumKxmq12wzysfufPAFgNjo3x97xKfZbA1UVmC3,0.02,3.5,2025-08-01 19:50:50.03034+00,completed
c55bc1db-6b7d-43ca-b857-f56f7f77bafe,363494824084635661,62MwnTdyh2pyS85ttNoHnQ3qhEM5iGNUwQinVssVsyJd,51aHpTnGYr5Yt8ao2Uq1KqmjoBcrvUd9BvfHCGgh2H9jm9JVsoKaxf5yGeoZtUFT4BP4nByVBR4F6BGmwUQz6KEW,0.02,4.07,2025-07-22 19:31:05.074431+00,completed
c5a129ef-9fbc-4b66-b6bf-6562fd30e39f,1054727023672692796,6KSxqee434pG9PC6cVCv13d7gMMYoMYC8PSuNbfTM6q6,35Q3HRacSc8FZ57x58AaTZFij7yrjAv354BRTNbskpgD7fCj24gCoSdxrXsJBpZYhP6X6XePjUADNSvF1tCYezSA,0.02,4.07,2025-07-22 15:50:44.545888+00,completed
c669af97-7a47-43d1-948c-373b6ed07491,845991225534578699,DJXuvnwNqMsWL1sfwXXcxtgZqPqSxicZsUcobrqDGCue,5mME2zgaRzMXASHLPk4evXKH29D5zhMnq7ht5KR1vWFVrN325WLiUGyjtnBcKwH1C8dsiTtMC1JcryurZiYNtBaz,0.02,3.33,2025-08-05 09:26:27.884179+00,completed
c79baa8a-7544-48e3-aa70-ce950144f989,1231340660116946998,7mH7RmkGD8kuLHvBcRou6MCMaWAN3tTiveSFFSqigEen,4Ay2dH5dGYxRByhH1xJt8BYy5AZt3Yy8fSgcCe8nc6FkdxYYyCXxG9xfrTSLA94ecpcmKsuwdwPPHYsMHJ8WHe9F,0.02,3.58,2025-08-10 14:08:46.22864+00,completed
c8006d69-c9ff-40df-951a-8facc2a228bb,841778991446229004,DS3VeEZix5EjDfRhdGCx9zFfvAtKBfWCjDV3f1aAzBrp,hcDqpND8XjLZKhqUizBuDaykyYHGYQKF6uBZWb5Mg2rreVU3ms7MGwHUqZHyUD6TGeCMtW4cYZn5JiUTkYxLUjp,0.02,3.36,2025-08-05 09:42:08.367656+00,completed
c82cee26-589f-4c1d-a61f-45829b738505,219482810715471872,464CLRJqpKqWKdzNNjdCgjvEn7hss2FoLxB8oCF83ark,CstdgxHxgmjvJUFBgPRJtq9tXmabeB92Q5qgJhTQ5XGuk8Z51nWsktLp82nkmzQ5p2zewbuKRs8Rb5WKGSaAKah,0.02,3.89,2025-08-15 10:00:56.696445+00,completed
c8ae767e-0d8f-4fa9-a915-ccc56a89aec3,1029026015902707714,91M2pZ2dzq41Nzf6kJqxAQP8nHWESEcR8qtFrKkHwQjd,4Y7kziFQ5hRwxFQrG56othQNXHjSpDjwCHSiWJbMLmTy9ju7SDrKyvCV66rPx4YgrYMVgBXVDD8JBMhDYXx85pNw,0.02,4.05,2025-07-23 03:05:25.559456+00,completed
c8db3274-eb1d-4a3e-a901-1747252dfb97,946514126769893417,hykb5KY1tNUECip8b5NoDpisvea1Sd3CcffiG7AaGNR,3U9R2GfuutP9JBi5DXyAc9xR8Eh8uvyGbqWofWGWYz5396sznPp3bQi8knvWLo5bCgv56FbDFd46CYF27bswnzgB,0.02,3.27,2025-08-05 19:42:18.743195+00,completed
c9b29ded-f275-4e2d-942d-fdb8410aeffc,502682945023246338,6wayeJMEjZQJ1Bb7b2rM2snawYuUwxo5J6EhDsmGMt9k,49bUXRXB6ZWt5XzkAyLtrSrZgSAP3HCV5htdQA2DA2s7TRTnNFy1Wdebj3vhZhSd1JV4raDX4nPXzJiqFyEhgzQM,0.02,3.97,2025-07-22 12:45:56.008269+00,completed
ca129bf1-cd3f-4b90-b6fd-67b56e9b9574,475308411043577858,H5vnqJ78uGvqZJzCcD9cmyATSMn5LDmZKTXikHjwChTi,2rfWTBxgthQAKaN6fvPhSvY1FFgcb5ywxSmc8qstVz8Shd6VJXcMNeAyNW5qy2yX3pq3UaJ566swALuaQBSiFFWT,0.02,3.62,2025-08-10 16:37:52.157046+00,completed
ca9c27f4-7128-4a1a-ab29-afee5f1be7e8,1152437387775987804,G71WMvYrgEq8FdGmLNFEMA3DufoYEPq224VMwBp3WEJJ,2arULSMFPU6ZGv8VXpnmRyNzhEkwY7o5NyTsMe23LRz52a3mPn1xx57HymRLHU6X5ymbMuXgBKJZyLHRvsppz37h,0.02,4.07,2025-07-22 15:50:54.289432+00,completed
caf2fcef-5b48-4060-9a01-ced3df395edf,319841458888638465,587BfwW7CfrS3FyVKvTtHc5ttTuAbv8USVSXCHUm8MwL,2cBCYXvQ3KXYbMuYhBNvByMgexppQRq52xnDnWwc6iJGkoC6gaoKdbAGAZjM3DPgWW1YT3uTktZJ56bJ3DXqBHZx,0.02,3.5,2025-08-05 10:01:26.454581+00,completed
cb0035ba-fb9c-4437-b441-f977c2f3087e,944783302747889755,12ZWhWtLU67z57X4bVimGLKH8tmB8F2wST6pKWD8aSu,3oGEYHZxT7CccTydjpiiZNyx4f8XRdQY7tfhUk8EKACVwSdLWbjJDyNNNbqijemTjR3cYksKEbwumuSeqYWmkamD,0.02,4.04,2025-07-23 04:28:09.481382+00,completed
cb7575ae-03f8-421a-baf2-1696c08a77ea,417745863415300097,GKThqon5fsytTwNEmczMsvL7xWKBY45RE3SmWxAe4tUR,4tCQt2Zfcor4nPD4d9kRYkFWxXyfcFYa6ZfpgXdMpWyWWt1fz2cag7VmgvoXZZDUYdCpmPYNe1cESdXo2yAfq5Br,0.02,4.06,2025-07-23 02:34:17.47321+00,completed
ccc19750-4f3f-489b-bda3-19347cca3e5d,920030831278428190,4eeB7ndBaCKNVuxSRtp9caC8auS4SPm7u5xTAA2Uf99y,2PbLbb3zoXXu5M6TjpJufzWD9WqwQrwz3kk1rQbmdBhnq5RPDrc4YLwmGGmRdso6WoJHwgxCM3Ku2P12ATMAMJRA,0.02,4.04,2025-07-22 17:59:12.844284+00,completed
cdebcead-6945-4679-9610-1ca49ce0705c,768491884188270631,4SsjnCFDbFgq6QjvAyfuJxdUkHKFphwZneRNnc5Giena,62UEYxkEeYtvCd5iCYWCCoNMDd4WfGErqd8tatPA4JhDL5YyqZxqAaqTBW1SAYfHt6xdu2pkKe58L9AGRPHwexWC,0.02,3.48,2025-08-08 09:06:13.590219+00,completed
cf159331-029a-4fee-8a31-e9ef9fa6703a,403927763624525824,oPurR4HBx7Gw9aht5vLWpbCM7NT3gwDUaoTc5KeFyRh,4Zh8RaubRohD6AHivecvpoGuViqP25oUiKSzscSHtSbsEJoiNLaGp8ZxQsUhBzY9k3qLxgCivooYWtKmpKyoHLzP,0.02,4.04,2025-07-23 03:17:29.511251+00,completed
cff8d585-157c-4b34-8e44-984b12b6146f,1264203245677711362,CCRGsXeC9hbUH4H8kGfnikGZCLrhL2ByWdfyuPjyygKd,4XavohonhAVh9wRRVnpQuRhHMrE4osuKJDcjU1pLuVXzwrXv54NzMinTC1uKFYUrs6iusud2ppfcVWMhqpxVT67D,0.02,4.05,2025-07-22 13:39:43.167382+00,completed
d01bf8a7-e3fd-4dc6-a510-836eb322d5ca,740404302190870579,67NXNE4XJPpDwkbMLqf21PFpkPwkduN8m1GF9K1xfWH7,5vwMZk48pnnqpFNCURgYa1En8kJkXFRsGbuMEHzm6ZvAtnGbxwn1ZrD4n5p5pw7huwiBTZezZuQ2vQ4Hca41SL95,0.02,4.01,2025-07-22 12:55:07.052483+00,completed
d051d697-4e67-413f-b646-874fdc9213bc,973628448025214976,4om8A2ES2Ko6oV7kacjpDqm1RHfdmrFQeLmw4fx1Psdn,vuJk71VZDG9T1HamuaSzwPMmpH8fnf76XUaJSA7naheeYMPMbfS9QKMrAAbuNz2RKLhU87VkWZzTy81Zr9bENCj,0.02,4.05,2025-07-23 03:26:17.413664+00,completed
d05ee269-647a-413a-ac73-be88a9546c48,1239529786490093619,83BZW9pTRCHXEdFkbFFJLkH9DgvrEsHzGrsnHn9RdygU,2bqUqxGfhT34gRpymZTjkwmqAouYDcB4gpvQa24Ayicbh8nuTy88f6Bfv9uhhHdkA27oLQheus7iQaGHwEhLvvpv,0.02,4,2025-07-22 12:10:11.099338+00,completed
d0cf77e0-f3df-43bc-910a-cc67306e9cb4,375582077820862464,FVHQtcmJFRjFHrqAByy2FUqt93K7Pxt6rG54bzRcE16J,64HfTwQhye5qyD2sGSqVArGRjShqz8ccUXV2ECg5K2FEGKAjyaUq5DMjNqphn7dGE2qssujwMVAtVBhatTcXeJYV,0.02,4.18,2025-08-14 04:52:51.996356+00,completed
d10c1621-22bc-406a-83f3-6253e8cd48b1,676059035744600064,8fPny5VWPgxp6y31GMUcmefte1XdgC8cXvZpikLLaosH,4pRcGoutdTsxpdP5ZmyV5ZJdtxRopysi3mMM38QXC6DSFDDTW8hot1doz936v7JBf4qXjXXa46DBJa2QvEksKSJY,0.02,4.05,2025-07-22 14:17:51.976158+00,completed
d16e5597-2388-4f45-a13f-2d913ae02f21,1397371913587654777,AVKnTDipmjnrKTHhtn1AzvpTLuXf6FDa2BoTujKtzunJ,5SJen7ezHiGzXUS7v1Qef3LadYSc6XUjr1NGdDzvnJVwLpeQeKUH3fKjJQNkUJAYCceig7GxvEMNUiBDsRhwSyuM,0.02,4.1,2025-07-23 00:49:56.720322+00,completed
d22be6ce-30e5-4d20-afef-3fd6f9a4b83d,1141713462960070746,DTXEnxFGBhf9RYdWWBGbL4mKJqQ8Ugus7QHcRDnHwEJM,66Jsrrp6QL4MAFw1og2GfT3VqdwgY2bLXDFWq9PxLznbtkkYmKtVFaUgyeFZdCTrejfrSt2wuANnX15qL6Fu3hV7,0.02,3.34,2025-08-07 03:59:52.91559+00,completed
d2c75a5f-87cc-4ea1-9168-951b1e6118d5,1111917422325280831,D1Mz6Mbj8zHyLPKekkfs1atTTCbDmJYNVnm9UT6YigUa,qyJSFPsjzyWac3sovLRXRuq8zaGxwKbJ9X9iqSd1DTfV16mnn1G3T6yMzUYr8DSCAxgycJJRuf4Pkeukcn55f2x,0.02,4,2025-07-22 12:55:00.776252+00,completed
d326927a-93bf-4fe4-9a11-a08174cfa8c8,766293212540960789,99ug1BFGBV9MmkEzkiqq4nRsDUaEKBd7PA9nUmySJpX8,3mMKg8N5rGfJCrcQsggfzh1bEwqm68wefSWrcu7b2JiSURccTWo4qSziW5e9WELqpAgUgByt7wYg4XHWYGZTuFzb,0.02,4.04,2025-07-23 04:10:46.381629+00,completed
d3407462-8d10-40a1-885a-d377c42d9e85,520135802886291476,8r4aJA7JnGxumGtGiB17AhrkQ1YhnEQEbjhyc4aXBR4P,2E4smySWBuvU489BaC1VazstoDMSGR3zg1Vo4rbSXiTLifzTUQKYqj5gHs1turZxUwVZUD2khSFdd2pBtAwjEA87,0.02,3.86,2025-08-15 01:14:15.359836+00,completed
d45201ca-d04e-47ec-986e-5e662eb3846c,1396950941093330944,DLxt6wNttpZDhiYvCQ5kf9VxcYc8yqsBMXKCdRo5ADhw,3ehGf2c1RJv5vk5MWRk5N2NkdifeXYUrDyUU5vLMjjRTWF7tgyut42UdrBTtK6W5hhX6tSfRaM56gReMAU6rwrQM,0.02,4.05,2025-07-22 18:42:38.631597+00,completed
d45bfc26-727a-4d4d-937b-51b0cfdfe0cf,540352872878178326,5rfY74mutWUkvrfWRZccFjtjrg8oaSrB67HHfUMcPdjL,5XGnuv3eRJcyiTcBAJCWZt69HRyf1UVSmxk5hgqYyDv9tKwX6esmroD7YKrGdips9i1bfRddgHeTVwwER1QEEFpy,0.02,3.38,2025-08-05 01:44:07.06737+00,completed
d47b5570-2355-4646-a957-cb3b04da11b5,1392142751499554846,3TgSgz7UTrf5Ub5HMfeaEzzgGhPxjhTAAmC973vn6A6j,2eRbN6k9Ye5mip6Zm8WruxDZm9eULXcBH2nUCEtn4BfhzkpxK9udnJMF5wZ8SxKcHmihCWWqUmbPgKxo6mpfeH8p,0.02,3.35,2025-08-05 12:53:51.594076+00,completed
d4a3dea2-d95e-4a53-9b0a-0770959214ec,811846724536369202,41Mi4ALD1xkK4mf2TheC4jEE8zYFQcFFMUoJ5v2pZ7xg,25yAgrRkXTqPTaGXcHCFt8AcLAosFSYjwG1CU7HaeGfDNq9wEqHpPKb4zaQckLY6hGZP44DtUc6AMBLPwd5tjxTj,0.02,3.38,2025-08-05 10:19:08.878415+00,completed
d4a516b4-d0f8-451d-a382-a08c84525b6b,871423170706563094,4RWWkhdbyJ2138jhqe2p2UGPybjJMtvvjVEhYJ924YEX,5NvPLETG2yrRycQY6oFbFB24RkQnSKHRYseJhi1QgtGbKVeUqs2CH982d68Jmccx8RGe3LxPNayz4BWXoyV1Gmv4,0.02,3.6,2025-08-01 19:54:23.268765+00,completed
d5e756e2-3b4c-4ce1-bfda-aeefd8ba8ed1,1350297608979222528,EfYraFQo2iJWHPTaT2VKfUbBYPTKxUrsixHCR5BvgZkx,2eppVNKPmC2HWyqUxEFh5Yw5yXDwpkN7ZDhtJ8H2xwLcsX1gKXcUHe3Lz3DHmspoj5jbXByJM1BNsHQuzJG2nLKH,0.02,3.58,2025-08-12 14:55:14.160619+00,completed
d60077c3-87af-4652-a61d-f45e28a32e53,687313396190019607,Esj8mhU6ModpTmt6NyPYATzYqoNVfDiUrwgGH2PTsJx3,2pqQq5DoUYiyM6coSkTFKkzKmebUa7DdauASZzTZRqethgCjB1tVJ4giGRJPZgADxucQmkjXyQ466oFzBADCtSmg,0.02,4,2025-07-22 12:30:54.64926+00,completed
d681793a-9ed8-48c6-92be-65ae61acf657,915160504178200606,HpCeWNQ85hk2D5L6nfZhng8kTEVKqXCYbdc7a62GAnDY,4Ds3qKPGeLceAnEz4QqY3HiQetpkrosKbuzfbY7f7sftAaaYFpXcd5afVNSjEQgwp9uH2w7HNnFkEiqebgkzYXX2,0.02,4.04,2025-07-22 17:56:50.767624+00,completed
d6a1d436-8e5b-49f6-b159-f01d3427ff42,1197294444764995685,3Tr17ak6FYofbQJFJbbAwVJUwozytLK6xUvJhr83evjm,2qYZVuLnGaU2B4bAvYiCRV8kqD3Nh9L4nGgu3zV2h3KFfWL4TNggeR9sTF8DJ3vPzCwXSBaBMThqtxV5mrxN3A3L,0.02,3.6,2025-08-03 08:55:31.703546+00,completed
d7a0bf3e-9cba-4235-b026-4b5ca2b36300,433315617014153216,7cpBq6JTne329fe5qYvuyhV9SdnB7Neay178RqFqfFx2,64hfiZwcfQvX8hgZauqZtAyWtHHnxz4ysKiEYvgo1xgS2CkAaAay416q8rbYmK8jWanMARC1F5JKvo5x9ZpFGQdB,0.02,4.01,2025-07-22 12:41:56.881979+00,completed
d883df3f-4545-4b0a-8dba-06d868b1edaa,478860213097857024,2hM12sLGV5D4oZh7WYXCg8T5MB9fnrH8vJXkxrkAem4G,5MnozhYH6FYGSM7oF2kUXx3DHWFBdk3dzKQKAy3cxYvwoiFLKeUyLjiTKEWVjiBYsRsvnHLpF293RwWEeXFVfpEF,0.02,4,2025-07-22 12:43:12.581072+00,completed
d90a2914-a256-441a-bee0-4882e091c4d6,1208439752408305736,GLdzwi5czpqWWPhPy9XBSS3s8uFCoqKHisoqxax4Vfk8,4GAjoFhJN1mrAgWsgoQKdVWEbPdwKvkzc2iYCuftFW71iG8jFNjTKyBFjfsHpkH5fRwn3K3AdvGKEjq7wiJWL6Mc,0.02,4.05,2025-07-22 16:01:59.189543+00,completed
d92f3c8c-dae9-4350-a745-763d690d9fd0,301166612919353344,Ekb2U3hGFh69iAr7ExVjEa64d1oJRcGNNQ3SZKvjMTDa,4kY9prFkSVKrAQTNidnBw2bpS7C143cGrdrB9FWuCaYVbghCHiVSjJPwK3GS5fFo1UQ7wRBk7jQHDomgjirQRK2r,0.02,4.05,2025-07-23 02:52:51.721194+00,completed
d97cbb18-7129-4494-9f89-1740b48071ff,329232900782555137,6hsGUzwnmcctsopZV34WM5qUKjGzuGmUgyTqBx5Zcmmp,4PnEj7CZFV5dwhsNT6MFPUBVHCMTaGRNxgYJ3YAbyQYtrD5cjrkhZADvZShiHuxLd2114AMrUH7aCxCGXne9UEqy,0.02,4.11,2025-07-23 00:07:30.994697+00,completed
d9e6bf1f-d925-4681-8c2c-0b0e0fc75ab0,704780695154720878,AENpfsv5H1GadHVSSQtitnzjeZLRyhkKUAMReJVkLBhZ,2BzZfuMYR3SpNrKcbRA2iBjXtFyz8524UfYb3duMsYipYjyEbtHm6tW9xXGifNeTkmLkVznmGaSffnHa3s1RgmHc,0.02,3.57,2025-08-11 17:52:36.605677+00,completed
daafa8a8-dd70-4a38-9a1c-107d901783cf,1389395124848562367,EVyoRYSZsS7oLFpExDfBbHcG5gMh5Meb1j2dyBD6qSPn,3ZCmqDXiQ7VHG5C3es2C4XqtqHNKbop3j7BLZQQPBFXpYeJxgMTY6WjJFdAep7Xzf4iqakJxuUXjmM91rS2MNd1B,0.02,4.05,2025-07-23 03:44:53.247958+00,completed
db60aab8-d934-45e3-849c-306c34619841,1129356891454197850,D4FpNs4jQ387cduZvtNdPvWGPJDG4PZLtTJjmi8CKKzC,5YjBSw6jcAe4UWN8E3Bz8ike4R92uQ9kYZDVuqLhPLQji8etMoeUrRidetMoyry95GQBukMDvhQkK8TD8AP6K5J4,0.02,3.34,2025-08-04 21:01:46.231031+00,completed
dc121ee2-da35-4e01-a47c-6f50f047dbf6,382278696343437323,2tc7iKgHywy4wE143ZgnqpQ5h6aEtgQnNwsDhf9BXVoE,2eTrEd8dYDYJuQXiawNqZzKJfd5AvNfHi8KvYvHETzuqu2UMbFQWHjeeMw9vzeoqmXu5StQNrfmVefFDRDWqnZZX,0.02,4.04,2025-07-22 17:41:52.066643+00,completed
dc3e83e2-c8b9-4036-ad2e-59701bed8964,337133009352523776,BUjKA3r1gcAJUa8KWV7LeM3GF5WpxEMBbWAjSVa9a7tF,2NJs1M1na96Q4LMYsEKT7a6Uno6GTmGVpRoUjMGAxNtehon27JTkvTnVSMEKNdjFPjE3LniYNgzKkQbg6wZeNx8b,0.02,3.37,2025-08-05 12:38:37.522286+00,completed
dc7b253c-60c9-4b50-bf7c-75564a8119ab,277811764236779540,CthMMyD8vHZnR126t1UnUzTczvaHzN1YPctbxtRk1win,2QtzyxwSLNVGqRnzvwp6fVi7mdseT24e5vpFWiLSGFkGUYFFkFiNHW2nbXCz5x5m2ajFEZrSj3nhZzuerZJYbAnu,0.02,3.37,2025-08-07 02:02:25.115289+00,completed
dc80779b-357a-444a-a8b7-ea10a69bbdf9,440925000040448010,Ew3pruG4bK5Bo3fB38ktos7v3C6QpNvUUHX8XHMwWXhe,5xmWyKPn9g76mQB1CDo3vcQhoZFHNnd4fSt6TAEadWypo8fqpuCkRfUVTwMsLbfsU3UejiGCBi4H1NXRn8apNfxc,0.02,3.5,2025-08-01 19:56:21.162894+00,completed
de6d77b4-d7aa-4274-bda4-f77eaec8fd4b,944811993708236850,AnCaEQXfGrPVGx4L9Gq1bPTRTTY2oh5TQvxm4EU3CDi5,7z4uHkwRYRtGBs9tQBn7n48X7qrZiLuMsN2W6hBQs943qMJQTKgX1PQbufhDZhfqQFGvvL2fYomdA9MhXxMLrTa,0.02,4.03,2025-07-22 16:26:29.085488+00,completed
deb78a8d-d9ab-44af-9a46-aaf9f8f78a3d,1129356891454197850,D4FpNs4jQ387cduZvtNdPvWGPJDG4PZLtTJjmi8CKKzC,3ZKCk1PCi7zRdEgLJFyVZ1dV62BgkHfnW7esJoW61FbnrgV9fUDwPUbDmXiDQQGRkghtSUg4s3cJmhUNzPXEZRh4,0.02,3.23,2025-08-03 08:38:08.04732+00,pending
deeda465-7f5e-488e-b7a1-ccc1e410a0ba,1132621530958930001,6QQVYu3V3vfPcfx36athppsDQxe5AHAJ4aENQukkBgGp,3BmDKNKMFvckaHrEu6otee3FfkX9DJLxFNtwmLW6widcBrn7bjSvhNQFkKSL3WAf5vSuL2gGXrwr3zicqcp5EiSx,0.02,4.05,2025-07-22 13:20:48.130428+00,completed
df10f890-c584-423a-b9fa-44eb00274ed7,1060308812063576255,4oHE2SqJ4udbdGFWodYpBPFbb9GKa9icqT92h4f3zYMZ,5W6M4YrWYpm7nMfMYxqJ3cEZxkKyzKjiTk9WEE6HSsVU51fnbebAGvhgh7wfa76zVCP9fgndzsZ6VYxMNRXdupk7,0.02,4.04,2025-07-22 17:26:28.62542+00,completed
df333b6b-b041-4aaf-a459-58c3ea0794bf,397218489200541696,JEGjmUCgBT5aWojVBPi5c4guaXE5f6iPcqXv9dtahF6d,32vootaNYUQcnkiKhfmz89yC7pi42GgEa1gWgwXzGnk3a1CMXzBiQaYiW5Fz7cidYYHHXMXYNvJjrgEfs1N53Esi,0.02,3.62,2025-08-10 16:38:05.534494+00,completed
dfcaa4bb-53ba-4091-a84e-760b85c5e348,1060909404192518224,325M3F5Xa8TYGRQyx69tRenNmHqVPKxD115cDCFDamJV,2BVP4zHDMXrqki3cMCjjFLCuBFuzvjvt2AWDCQzD5ffLmU4tGACSk1ZucfDiHRN4fbUi3JqGvWBgeP2NiNmrsXy4,0.02,3.37,2025-08-06 18:58:51.570414+00,completed
e0489108-53de-4081-9109-82ba1d099269,1038585156841246800,6cndgScTQFJwBLSrhL7g5bdJdQyp7iNrcyMubgwJgvym,Jba9vRwGz99QkqXs37UM3KCKgGoqr8SF61mxvPBmUZM65BcQyJAKLcjWz33KEFQNVjVbzEVH2udHe2ToVWRbHJ3,0.02,3.69,2025-08-11 07:21:56.546379+00,completed
e066ead2-635f-401c-a95d-98c9ac83ef90,1054175197172863086,ABy7MAqz5uvo741NvGGThHRxKd7jQkRGT4TijCr376Uv,4QiEK7r7VSYs9syRAxeVmfJWeoMTK4bRn7xEJ64j2f6KrdXB1fQcATL6mNws8hJ7YCZhGHUpa9729iWAvNDXoUV,0.02,3.98,2025-07-22 20:23:56.724828+00,completed
e0a0f993-9452-4279-99c3-87a033b21637,748190057977872425,HW8uSK9E8Uy6jy7kkutNvT6WFuZjJEy6iyWL1kXjrAor,27x3DZBwTACVoEwBNmKycVhKYdB88NeEjaKnCC2z5veU1mvp2aEeceR7cBkJj19b2f8i6BUQUSub1BZi5zwTvDo8,0.02,3.63,2025-08-09 23:10:13.645645+00,completed
e1e8ac0b-f59a-4690-abce-b812bd7841e4,1238172754826629121,CARGs6cFZFABB943cVG1EH9STwimRuDjKHSz8B9X3KhJ,4Qnz5Cb6Gy6CKzuaugDCNhgxca1fegQyg34UTZPu7Rj7sQUmsC3fJyFicmkFUJyVUttH9Qf9iR2ZR9puVH858NQe,0.02,3.36,2025-08-06 23:09:43.911721+00,completed
e324067d-27a9-4a64-a6ca-5a042779b068,741839030194536554,EasRpuvR87gBpMYRYxZXzWRimMZRccAp6fdw7YEFdRro,42xZgzqBJLfputVnvNYv3KJ3bw8LbCs9pFzDCUqYeh2C7SGPdh3yDJn1rA27wACPGkc6wULaxT6crWSy5yXKMHtz,0.02,4.04,2025-07-23 14:44:08.875766+00,completed
e3287eeb-97d3-43a8-984f-e48528165f65,1123998491635626054,5f6mJZpjv4FRxjKSwjLtYFzG9zFNE64jM9YtrEvdEYSS,3Juf2CeoniuDPUE9NSdTfqtdNihpjojdypLMnnzi43uuzQr16LgUCGbCt6eQcXG7MVXQvZVA2LJa55UJtjS9UD9u,0.02,4.04,2025-07-22 19:56:51.648665+00,completed
e45b5d03-33e3-466a-87b1-87bd751d94a5,918847927303168041,7foddbgRs5z7EvT2auvTkfUwaLqCW6XwCQYBTermHLrX,3n2YVd3vaSLCL1tgE1aKokWi1KVKtaK1b1ybseupRUHwuA2v2uELqYoYUPZ12jwRGsj7fQcZJhmK4MPpnhv77EQK,0.02,3.6,2025-08-01 19:58:08.90884+00,completed
e48980e0-16cf-4d2b-a034-a25f2e5c4adf,742484670133960744,6n5ARCqWrrQsenr1PwYxWDyN3NmtBM2T6yUt4f5g2hGD,64pXw1ubJzhLsRE66FZp48wadngLqcVeq2ocBETmEsZt1bt1UdURUya47gTXCQykE9pyhxxqqiZEtyPRg4vrLe2j,0.02,3.6,2025-08-01 20:42:26.020025+00,completed
e4a559df-bf30-4625-b052-9ea9d343d3e7,452912959518277655,FHtZCvypM4djahDhYLjvAJXa8F45XZEQL4SLFxpL2GE4,4Jqzcj5iHKaUbSAX7Gii2CM8pVMN61YeQ5PwChE7CJkpqFPpitUSWnLFVZXTtvkGE4DCNYKdcZTq1hnzZBDtf38E,0.02,4.01,2025-07-22 13:53:57.485647+00,completed
e543c18e-a9e1-4f1d-bed0-d065aca57424,572603586014347280,CgttJz1yewmxaqBAKnMhpTLsaKZ2exJapYonvU2uBdv,4xEKDuvDcLc9LHAPrMFcJth7g54dC5GdfTPUfK8g5ifJ46iN4hBrfCDuSn3p7jgZkNoDnAYwfzmNRnjcz6A6SSgR,0.02,3.25,2025-08-06 01:46:35.544802+00,completed
e5c37fe6-5b4c-4c54-81bb-b19b1973c4e8,873355045842866226,2UpqptYM1JGerSS7YfRygn92Yg161quhyvfmCg8SjdHg,QSKrw8VC15aPwGX9kFFDG2uUvwN8Khi3mGiy8Z8cSAZuYpcTLYoLLrwiyUeo6hV6yUoz8emAxKsrrzbsKyZ3L7k,0.02,4.05,2025-07-22 13:28:34.238951+00,completed
e614f0d6-0b2b-4010-bdef-abc1480f2f2e,347094653717446678,Em6a5aKo3iZTC98cM9Y29AJBc9rtuwV6ZDdRLi34mDZ4,5oHR3LQQ8TEExyXFXxYw5Z4ydP9zTxccKSYDEsGqjAyxwJ5dmEw4epAC8fM65tKt5P4RZwAaNTzauBqPxU9Z17zC,0.02,4.02,2025-07-23 07:30:21.913622+00,completed
e72f68d7-c6ae-4e4e-9b0e-9466cae64191,370514840709758989,2fH94P9xWPESqxfNuyppfhksJbT8EQZJVbSLSCtdxJUL,4bSnsvWCG2KqDJgCn8dWeXuVtKZkpt2tgDPfV3wjvNrwsfDLmh1m5kckrgQJrmHajTaFQtHkGCPs5UuMTBamNyEA,0.02,3.99,2025-07-22 14:20:57.31234+00,completed
e8bd84aa-ed17-4168-8860-99ddc2e5c47a,406613622631038977,5zU3XRXupkiNbi695oeoHceq1A4aSTZTV8qiunHRWfu4,4t63nxLM5dDfNrAgQXHUJWCNm6SbtBQAmn5tp2dfwiTzUDgRwodG2Z91dvvpgBzmsFcPdD5oBg94gegSGaBE56uN,0.02,4.05,2025-07-22 18:50:37.968002+00,completed
e8c322ff-5fbf-4fda-a1fe-3858bdc6d3fc,1319136973495074896,5Uf3LavZ5PGyQhG7jkaX3YAd3orxeR5msFu3xAgYEkFC,3aTK83KXSUVDhcMDSWRfE2Ux8P5UEyRdTK2Q5kw3UGnaG4tJy4Myjd1eFvGTQnHSWDEMb4SQky3cMqpxaxUA6wz8,0.02,4.05,2025-07-22 23:14:53.303071+00,completed
e94ba48b-b761-48ba-ab4a-67cbdf70f078,560919792211722240,41sMPxGrazoite82AhkGVaDTnwF4HxjFMnzAiBdMfcFe,4JebksXvtbdyDLUYVfEYNmXSie9424PpnPWDxywaZWr2NcpUQB34ap1s2FYdzCKHDtCyQhpkt3CZ5q5gdPfiB6zE,0.02,3.5,2025-08-01 19:45:48.753087+00,completed
e9cee3b9-2001-424f-8fab-35cd09945137,292009907853721600,HQHPuk4zEYGk4etiwTMD5QMXvi66UNw3UFvuiAfpPt1k,67L1rxqpHRgdegBkTQsWtDCogqNPYDAwXo3uN1V4nYdCEjoZt6t2DVC3Pose3KNYYb8HNXZHdTzZPeD1vAqrZRNH,0.02,3.94,2025-07-23 12:26:49.697406+00,completed
e9fb5ebe-4824-4e42-b1c8-cb12c5993fcb,1080147516294713445,E8qoCnrGxX1g7EHFCjzgQmHSUaz6CTBPmgCZCQP3i845,5rf2uCcdeetwkpxMx9T2YVW7EHcj3jUCSBx5PkFCHBEMjPasqbA5acd8US6EJW4aFFWzxfGJGQ8MzmNcYfVjsGqa,0.02,4.05,2025-07-22 13:14:10.287804+00,completed
ec0fb169-0c0d-4095-bda3-b5ccab130254,748520360441282631,D3nkJUdjJcAUH3R7ECUZCwYSqHiQUcYCXTxBKpLQdXUc,464a2Pvfbd3FsnT16WUnxu7MA45cpKLLkLSPn6sYD6PCvH1SEgMFLnr26hYBK2T8dg3UstbZFaKFgzbDdcrGUTSk,0.02,4.06,2025-07-23 02:38:13.614471+00,completed
ec382593-bed8-4ec9-9a11-09656496b8b7,752124360734670889,4h6ducHx9zDcXCXG1p9zLTsmg19orR4WXZvkcy2g3okL,3wJSMiMNEqd6xdhE9aLHyN9dGW1wMB7W9N37mGYyJSMGTDRiYn7tMnAjSrRn2PVdmQahVU2Rk2DRu7P5totiSqqP,0.02,4.02,2025-07-23 05:11:48.28745+00,completed
ed95e73f-0637-4dc1-a08d-801dcdabf16c,247675903394447360,CxUScnNoGAQASHXYA36UsffA6rpzMTFMvEZUWqyuiV2v,2we6Ke8D2JtFzKXptVC3kFu3Jrgcxy19aCU3jFjfGjYnhvLcKdTtchSETTDi73QtHi8BgzAhy3V9thsRHZFaACFS,0.02,4.04,2025-07-22 17:55:57.174958+00,completed
ed9c7a19-c566-40ee-a24f-c44b0e63788b,1270619735423193149,2u6dPXuSoPULBkyYSuskk7dtdaxAxqj6A1yo3hMDBvDc,4UYPS1pEYp188uy18sf3XmBeaPmMTWgTPzprUiRRaiYKcfxJC2rzqE7xZ5rqSLsM99dMsi7zwJ6p3nLmhJT9gHar,0.02,3.99,2025-07-22 14:29:24.916117+00,completed
ee500b23-c7b1-4fc8-bb40-20b34b82013e,1395532422002511872,DfzZnbAgrbn4yLpPXQ7fEXPVYNMcNyF2EYeVgVhDemJU,2XVnqyU1PXmuKqvepGn8tTcV6f7jQYzcQqQh9E5j9NEkTkGtcZyj8ooXdsJkxQbhWp1CYpvXsjGNPSZ6NYX13eC5,0.02,3.74,2025-08-12 18:16:10.578071+00,completed
ee59fa6a-81a4-4a60-bd09-aa2de6d872b8,965913443687338025,8xnjB1XU61fwkz9RuGqpZMwjb8pV22Fg42h7kgYkSDtv,2w4Eps6BkUjw2uFEpj6o6q44NricTZaXRcQBh4ZrWNq7Q25u855iLdb7k4McF3cHyvs9zUwAsViHdJegoRmQcH2i,0.02,4.03,2025-07-23 06:01:02.477605+00,completed
efe914cb-9526-4b3d-bbad-9d49f9c9942e,947545129638559785,uJyuYt9ASKFAVAgLdvNv2zGHrwipHi9UyMtV1H4w3KD,41vhFn7FR25Nw3co7jsVH7UMKxSheKzuB3tqUt6SUjuQuN9AGjTZZMf7zyNNgxmXyohNCzv3aUopApu2oTrJLNXX,0.02,3.55,2025-08-11 19:47:35.572615+00,completed
f32b9366-e757-46d0-938d-35e1e3933d45,762548751235285004,9h2bgNVcNg1rFxR3kJCNFsh9bq6734WEca6TSZVfkjg,2cyv38fPptXtWScsNDY55Ah3cVnCssHkhunjV8H6skVuoeMqaJBafr2DzG6L7Q92kuXVmaZV9rF7y8MEznL9p5m,0.02,4.04,2025-07-23 04:10:59.062696+00,completed
f3be64bd-6cee-4be6-83dd-1f317b52f0a9,861192594183421982,4zKo4UyyJVUqPMbgeXUys1R5Z5xawrLF1JhiAXaa8sN1,3BNowf9DsertaMg7MjRYyr3gXJf8XQLKiSSoRCoMa4SSAXviusFuf1aT7Any24dcbNEqH3qJm3mhWYWmbraS2en9,0.02,4.04,2025-07-23 04:07:52.371045+00,completed
f470f613-3e5f-40f1-842e-d9b61fdce629,1173700481453924423,B98mFUknxgHG4VuEBGAgsKPHxGf1j8BY4gpr5jmRfPzA,3HZeAm9tnHBryg1qhYTmJsE6Ud5LjmzR4aBer3mKywtG8pRHvhNUZSoogKXFAaJVyxsA3LUkbZtvJsYMfTMDDqao,0.02,4.04,2025-07-22 17:37:48.17366+00,completed
f4ceffb4-3b28-4754-9334-719c994408b6,925874380905533524,Cc68Bmrytw3QP9ufPPigwHmZASqkuwVtWYAyAitEUv5K,5UjjhF9x1CPzRTbkjKqWx4ofYgGbPVMcCLW6KPvp6R6Hxycp7Ku6mKwSXnyUMZH5FNWfXVRJgYpCUytHFJr7q9UB,0.02,3.99,2025-07-22 20:09:49.132431+00,completed
f4dd80d8-eb05-49ab-a14b-07dfd2350d1c,843602513013506049,FEKaK73w42Xg1H7smJaLwBdqWPU6bKtMkD7Vqc1D74WQ,3VWtJgVmPwQL6QpCgyzGyXNEmJtPcNWiA1z7xnpC6EVAG5DaPPXTkGgeW8peLTrnrVLwJei115UHUMfm8z12ZmTb,0.02,3.54,2025-08-01 19:42:23.863867+00,completed
f5c9fcca-84b7-4037-ae83-574982bc5b95,1320935234320994446,C15kghGLc6HPaEYDCahoQrJNeXXpkQEeSZRWk1dcdxux,5VZrs4cMKmDDHDqvx36eJf77JMGJqKQqdWxHyQJUEYoEm9rCTZDPJ6VDDrNbqCyKTBhfMqb48NbQ5J7M8fk2Fjqe,0.02,4.07,2025-07-23 01:42:13.807248+00,completed
f5f8dfdd-7dc5-4efb-a989-8acac0237cd4,1315542229938602025,S8Dxg5MbH6wQnWqmZEMmkS5w9a653Yks9TbjSqrNRws,3au14PSTFist3k8FwfupUXHYFeVewV85QSFPwSQtDe22zZm8XYada8vu1hD4Zzwm1YQtBoJru5f4ppp3sCzbBBMA,0.02,3.74,2025-07-24 04:57:30.176252+00,completed
f7d5a834-57f8-4e55-a95c-001c1f7edbd6,1358049118832038091,Du6K6WmapAmrqaPJpFrbYbcQzHBSnNDexDDCCtnbeGXj,GXVgqMM9UdmiipTq1Vw46QSDyByBe1qHEWWGR7JBtREViNEJVvtnY2wa3TdwcD3Vsdf3VxDemjQWRyDu4PTFNHV,0.02,3.72,2025-08-16 00:08:13.424384+00,completed
f81f477e-3852-4b6a-a4a4-e961971d18d3,1030725839286976522,3YQcDc4DVGVL83Xamcxx1iKQakCZWmTETQCvVsA7qikR,5XMVByL2PTV2hNujvLvANcvoisXmjD3TrmdameTHLDbvyFemtr8ik8jgjkPjrQcaeRspJmaqRXejnb51H77XSFTW,0.02,3.35,2025-08-05 13:46:36.807997+00,completed
f82897be-b3be-4790-a5ef-54e9bda4bf8b,510628226008088576,Augwinf7h7JcmDq566ho7b1s57Sp46GiCypvzLnEGEuS,Ee7fNNgv69TGLBgkxmbu8f32jDBXd3uK1y7PMhNRsYUEXTAT2TawhctkRWsTcGAbR4QHfQeyTBAh48G7sDKqcoE,0.02,3.95,2025-08-13 16:02:59.316581+00,completed
f97424f1-0305-44ec-92f2-a1d05708627e,1055515771192737873,NkaSNvYtrDzeSWsoefeEX3SxZGRBTYuF755VBX3a18f,4mVxZLDuFXUJTBMi6ffox19RthkknS8wD7ZEn1SV1oWcyks4AB4m36CUkiKdQkzg3MVpPw5kQa1dFgTnPp7ASWTU,0.02,4.04,2025-07-22 17:57:52.106902+00,completed
fb196ec3-8a0b-4518-add2-09b2dcad34db,1343736391892205579,61yueBQXyeax2N8N9jtpqghpBaqFYH5sH8J6THtn66y4,Mcc5m7Hk8nS9Zpgee87Fjk2pRaAN1J9XsRfuuc4N133vC1jBCUrnQcaVZyTcV3nvfRF5JmiYo7wu8LkzG84ntvA,0.02,3.5,2025-07-31 21:25:21.580899+00,completed
fbc52172-9b55-41f2-85b1-7ee1bf18729a,409192149943320577,E1QP1CQhRa6Y4GWEUBKtASsVn7MQgnk2J1AuXvT9GeM3,qi3AXuRppo2MDTnKqc1J6str1bKfPtcacYz46JBW7PqUxVgUnqJxM7vUGHLz6CuwBmQvZWZMT9ugp3B6w43eMib,0.02,4.02,2025-07-23 07:29:39.077644+00,completed
fc16b0c0-ef07-407b-aa5d-30415579bbe7,765552843041407036,J2NpXCctp21NfDK7wN2Y1t6jtPJY9zffRtrVTZCwRyM4,4oy5mTEHmagL93pNLT7sLLAXJgfjhuxUpcs4y95iYL89XwyDb9rqwvTRQCiMYY6DRGsJwSU2ZqwyRALpGTdc7BED,0.02,3.91,2025-08-15 09:46:42.60202+00,completed
fc2d6ae2-4749-4623-9510-0ca1c07a5095,329790325579186180,61vTFefTHVenGtrpmKhqEvL4CTJHvZpgs6TTDR3quoZA,5tYFoLXNraMq1vKv42sueSQNwzTtjND4y4VjD6ZxSjMmApBfxfQ3M11gzmoHn6UJ5CyQaEbieKamVvKEKER1X5M7,0.02,4.09,2025-07-23 01:51:44.837646+00,completed
fcb4d504-69f2-4024-96ca-818c7d9d6dc9,1132621530958930001,6QQVYu3V3vfPcfx36athppsDQxe5AHAJ4aENQukkBgGp,4NkXhDkRXbHB9bjNHcrxBA1oXcTLP9gpRiGNJckZC4KbA4CijcbuDntkvSAJQG5ZCrZkaDPmqmNSNkBpAQLX5xMV,0.02,4.05,2025-07-22 13:11:13.88318+00,completed
fcea034e-7a51-4641-ad6b-95191106ae68,325549247791497217,4XHykPTtkGYsEseRBduStY25nEAWeZTqkBqsnATAVhba,44d4oiWRM73gMRT1GATgdRoCqy2b2uhweroNvzkprQ6Mc7WFq65NkMG8xY4qEk5CM1oczXLbW3tUxQ95Y5JyFfbj,0.02,3.5,2025-08-01 20:13:14.394491+00,completed
fd498279-da9d-42ba-94cd-9d944d72b3e7,1042322086691090472,GeYDaJRQedqnmRt7CopU1MNRZSZBzzU9mEEbxi5wjvQL,4bs6V3ENcD9zLyWwTkRyD1h9VyFfabe8ZPeQPrk8NEX7ZL2FxdDFw8RorDU7jnqYZxuM68zzkcRTuftqp299Dn3U,0.02,4.02,2025-07-23 08:09:30.590136+00,completed
fd86df97-6e87-4227-8f5a-295e1f62f5a4,882692566515068949,3aokJSUn4Wz2VXWaWHhL2HJbqvjfx4cFXLZ2tzmQMZLN,4bbwgytBse4qRdh2MWAonsj5miXfy6Jy2pHeXWcXCvmxHJvz8ce6hvY4ZAMUVCTf7P8hnVhgpJaKpEJ6aUcXR1dY,0.02,4.03,2025-08-13 15:05:14.360409+00,completed
fe19452f-6eba-4662-9bcf-0359c95679ab,682813736398094369,ADKDfo4XknFcFSCR9t9CW1Jnd2qHNHaTCcPJJ2NHRGfK,2x15dqF8cuEQz59McXyUyiQgixVJg88Kz1AYb6AFCE2oYkvQSp6zQfL5CZRpmLgLLaSgenX8LwVT1uZzbkA4L4zj,0.02,4.03,2025-07-23 05:16:05.58787+00,completed
fe63918f-1d38-47e2-ba70-37b11ce4802a,593687492239163402,5Hsoig8MavWcdHNmN1Pi3EXHSvgjkQjsPYPasJDuPKTn,4SA8LW6hvutcK76VN2ypYvL9VCefSBGKbkKFjqp7NWip3Rfc1GywNGawS25E2hXDZ6pJZHajxRwa48yq3WgzouL5,0.02,4.02,2025-07-23 05:12:19.133096+00,completed
ff037f70-fc17-42b4-8034-615766e26f12,1209880540342386690,LcSbDtMTLPMz8GvjiUEnUzDUq8aEYXf3CfbRtMHHVTS,65Vb66UVhSN9pVzdwqfJ5EnKWFvHFN84yeLukPCuCBNCFMLgCgdjRvyMj33wedaBB7J9st5SCFzfDjFmEtDBBXDn,0.02,4.04,2025-07-22 13:13:23.032066+00,completed
ff0faa5e-20f3-4389-b243-e0c9be481154,967026687911010335,CgBRRMaerXVzcs4U1wHN7zmgpJTBGNtFLZ9vfWtMU86N,5tJRtBkupbpxiL7ewRQUeKDDrra7sTYL2JWg2EvApiSUHNAEp4ez28Ci24CiPkrXTW5Q7qeJFNSsx68JQpaYYFsU,0.02,4.01,2025-07-22 12:54:01.948331+00,completed
